"Rank";"Sourceid";"Title";"Type";"Issn";"SJR;SJR Quartile";"H index;Total Docs. (2019)";"Total Docs. (3years)";"Total Refs.";"Total Cites (3years)";"Citable Docs. (3years)";"Cites / Doc. (2years)";"Ref. / Doc.";"Country";"Region";"Publisher";"Coverage";"Categories"
1;4700152228;"Molecular Systems Biology";journal;"17444292";7,338;Q1;140;51;178;3218;1458;154;8,84;63,10;United States;Northern America;"Wiley-Blackwell";"2005-2020";"Agricultural and Biological Sciences (miscellaneous) (Q1); Applied Mathematics (Q1); Biochemistry, Genetics and Molecular Biology (miscellaneous) (Q1); Computational Theory and Mathematics (Q1); Immunology and Microbiology (miscellaneous)  (Q1); Information Systems (Q1); Medicine (miscellaneous) (Q1)"
2;9500153903;"Biological Reviews";journal;"1469185X, 14647931";4,974;Q1;153;107;271;24594;3016;270;10,88;229,85;United States;Northern America;"Wiley-Blackwell";"1924-2020";"Agricultural and Biological Sciences (miscellaneous) (Q1); Biochemistry, Genetics and Molecular Biology (miscellaneous) (Q1)"
3;12977;"PLoS Biology";journal;"15449173, 15457885";4,488;Q1;260;491;968;28862;6833;896;6,81;58,78;United States;Northern America;"Public Library of Science";"2003-2020";"Agricultural and Biological Sciences (miscellaneous) (Q1); Biochemistry, Genetics and Molecular Biology (miscellaneous) (Q1); Immunology and Microbiology (miscellaneous)  (Q1); Neuroscience (miscellaneous) (Q1)"
4;15537;"Current Biology";journal;"18790445, 09609822";3,958;Q1;303;820;2491;34243;13889;2234;6,01;41,76;United States;Northern America;"Cell Press";"1991-2020";"Agricultural and Biological Sciences (miscellaneous) (Q1); Biochemistry, Genetics and Molecular Biology (miscellaneous) (Q1); Neuroscience (miscellaneous) (Q1)"
5;13096;"BMC Biology";journal;"17417007";3,698;Q1;96;110;396;8078;2073;328;6,31;73,44;United Kingdom;Western Europe;"BioMed Central Ltd.";"2003-2020";"Agricultural and Biological Sciences (miscellaneous) (Q1); Biochemistry, Genetics and Molecular Biology (miscellaneous) (Q1); Biotechnology (Q1); Cell Biology (Q1); Developmental Biology (Q1); Ecology, Evolution, Behavior and Systematics (Q1); Physiology (Q1); Plant Science (Q1); Structural Biology (Q1)"
6;17269;"Studies in Mycology";journal;"01660616";3,411;Q1;88;12;53;1947;474;53;8,73;162,25;Netherlands;Western Europe;"Westerdijk Fungal Biodiversity Institute";"1996, 1998-2000, 2002-2020";"Agricultural and Biological Sciences (miscellaneous) (Q1); Plant Science (Q1)"
7;13602;"Philosophical Transactions of the Royal Society B: Biological Sciences";journal;"09628436, 14712970";3,051;Q1;254;434;1273;30742;7450;1175;5,68;70,83;United Kingdom;Western Europe;"The Royal Society";"1947, 1950-1951, 1970-2020";"Agricultural and Biological Sciences (miscellaneous) (Q1); Biochemistry, Genetics and Molecular Biology (miscellaneous) (Q1)"
8;13017;"Physics of Life Reviews";journal;"18731457, 15710645";2,854;Q1;58;139;355;5343;521;30;18,21;38,44;Netherlands;Western Europe;"Elsevier";"2004-2020";"Agricultural and Biological Sciences (miscellaneous) (Q1); Artificial Intelligence (Q1); Physics and Astronomy (miscellaneous) (Q1)"
9;15049;"Biometrika";journal;"14643510, 00063444";2,800;Q1;111;53;203;1658;387;197;1,73;31,28;United Kingdom;Western Europe;"Oxford University Press";"1908-1913, 1945, 1947-1951, 1965-2020";"Agricultural and Biological Sciences (miscellaneous) (Q1); Applied Mathematics (Q1); Mathematics (miscellaneous) (Q1); Statistics and Probability (Q1); Statistics, Probability and Uncertainty (Q1)"
10;21100218523;"Ecosystem Services";journal;"22120416";2,672;Q1;56;162;505;11678;3635;462;7,51;72,09;Netherlands;Western Europe;"Elsevier BV";"2012-2020";"Agricultural and Biological Sciences (miscellaneous) (Q1); Ecology (Q1); Geography, Planning and Development (Q1); Global and Planetary Change (Q1); Management, Monitoring, Policy and Law (Q1); Nature and Landscape Conservation (Q1)"
11;130030;"Proceedings of the Royal Society B: Biological Sciences";journal;"09628452";2,626;Q1;237;599;1813;34262;8433;1714;4,63;57,20;United Kingdom;Western Europe;"The Royal Society";"1946-1947, 1949-2020";"Agricultural and Biological Sciences (miscellaneous) (Q1); Biochemistry, Genetics and Molecular Biology (miscellaneous) (Q1); Environmental Science (miscellaneous) (Q1); Immunology and Microbiology (miscellaneous)  (Q1); Medicine (miscellaneous) (Q1)"
12;13768;"BioScience";journal;"15253244, 00063568";2,543;Q1;197;134;373;5301;1909;258;7,55;39,56;United States;Northern America;"Oxford University Press";"1972-1979, 1983-1986, 1988-2020";"Agricultural and Biological Sciences (miscellaneous) (Q1)"
13;19700188321;"Database : the journal of biological databases and curation";journal;"17580463";2,248;Q1;55;154;422;824;1312;413;2,33;5,35;United Kingdom;Western Europe;"Oxford University Press";"2009-2020";"Agricultural and Biological Sciences (miscellaneous) (Q1); Biochemistry, Genetics and Molecular Biology (miscellaneous) (Q1); Information Systems (Q1)"
14;21100924827;"Communications Biology";journal;"23993642";2,150;Q1;13;490;246;25255;911;225;4,05;51,54;United States;Northern America;"Springer Nature";"2018-2020";"Agricultural and Biological Sciences (miscellaneous) (Q1); Biochemistry, Genetics and Molecular Biology (miscellaneous) (Q1); Medicine (miscellaneous) (Q1)"
15;13093;"Quarterly Review of Biology";journal;"15397718, 00335770";2,124;Q1;72;8;32;2221;144;31;5,47;277,63;United States;Northern America;"University of Chicago";"1945-2020";"Agricultural and Biological Sciences (miscellaneous) (Q1)"
16;19400157205;"Evolutionary Applications";journal;"17524563, 17524571";2,013;Q1;63;159;339;12785;1541;329;4,15;80,41;United Kingdom;Western Europe;"Wiley-Blackwell";"2008-2020";"Agricultural and Biological Sciences (miscellaneous) (Q1); Ecology, Evolution, Behavior and Systematics (Q1); Genetics (Q1)"
17;22104;"Evolution; international journal of organic evolution";journal;"15585646, 00143820";1,998;Q1;194;214;767;14532;2373;664;3,66;67,91;United States;Northern America;"Wiley-Blackwell";"1948-1949, 1971-1978, 1980, 1982-2020";"Agricultural and Biological Sciences (miscellaneous) (Q1); Ecology, Evolution, Behavior and Systematics (Q1); Genetics (Q1)"
18;28861;"Biometrics";journal;"0006341X, 15410420";1,894;Q1;124;196;441;5233;821;430;1,81;26,70;United Kingdom;Western Europe;"Wiley-Blackwell Publishing Ltd";"1946-1951, 1965-2020";"Agricultural and Biological Sciences (miscellaneous) (Q1); Applied Mathematics (Q1); Biochemistry, Genetics and Molecular Biology (miscellaneous) (Q1); Immunology and Microbiology (miscellaneous)  (Q1); Medicine (miscellaneous) (Q1); Statistics and Probability (Q1)"
19;22652;"Mammal Review";journal;"03051838, 13652907";1,866;Q1;71;27;81;2506;349;79;3,18;92,81;United Kingdom;Western Europe;"Wiley-Blackwell Publishing Ltd";"1970-2020";"Agricultural and Biological Sciences (miscellaneous) (Q1); Animal Science and Zoology (Q1); Ecology, Evolution, Behavior and Systematics (Q1)"
20;69623;"American Journal of Agricultural Economics";journal;"14678276, 00029092";1,848;Q1;104;80;238;3595;721;226;3,15;44,94;United Kingdom;Western Europe;"Oxford University Press";"1919-2020";"Agricultural and Biological Sciences (miscellaneous) (Q1); Economics and Econometrics (Q1)"
21;21100316035;"Biology";journal;"20797737";1,739;Q1;33;91;146;7435;654;142;4,20;81,70;Switzerland;Western Europe;"MDPI Multidisciplinary Digital Publishing Institute";"2012-2020";"Agricultural and Biological Sciences (miscellaneous) (Q1); Biochemistry, Genetics and Molecular Biology (miscellaneous) (Q1); Immunology and Microbiology (miscellaneous)  (Q1)"
22;145678;"Biology Letters";journal;"17449561, 1744957X";1,651;Q1;103;235;682;8374;2214;630;2,97;35,63;United Kingdom;Western Europe;"The Royal Society";"2005-2020";"Agricultural and Biological Sciences (miscellaneous) (Q1)"
23;13090;"Astrobiology";journal;"15578070, 15311074";1,561;Q1;74;108;266;7445;1229;259;4,63;68,94;United States;Northern America;"Mary Ann Liebert Inc.";"2001-2020";"Agricultural and Biological Sciences (miscellaneous) (Q1); Space and Planetary Science (Q1)"
24;21100915392;"Synthetic Biology";journal;"23977000, 19397267";1,505;Q1;4;14;7;301;30;7;4,29;21,50;United Kingdom;Western Europe;"Oxford University Press";"2018-2019";"Agricultural and Biological Sciences (miscellaneous) (Q1); Bioengineering (Q1); Biomaterials (Q1); Biomedical Engineering (Q1); Biotechnology (Q1)"
25;21100406884;"IMA Fungus";journal;"22106359, 22106340";1,422;Q1;29;21;99;1410;273;81;3,69;67,14;United States;Northern America;"International Mycological Association";"2010-2012, 2014-2020";"Agricultural and Biological Sciences (miscellaneous) (Q1); Ecology, Evolution, Behavior and Systematics (Q1); Plant Science (Q1)"
26;88586;"Journal of Agricultural Economics";journal;"14779552, 0021857X";1,345;Q1;56;60;134;2643;421;129;2,82;44,05;United States;Northern America;"Wiley-Blackwell";"1928-1931, 1933-1938, 1940, 1946-2020";"Agricultural and Biological Sciences (miscellaneous) (Q1); Economics and Econometrics (Q1)"
27;5800173376;"Biology Direct";journal;"17456150";1,316;Q1;63;24;127;826;304;122;2,18;34,42;United Kingdom;Western Europe;"BioMed Central Ltd.";"2006-2020";"Agricultural and Biological Sciences (miscellaneous) (Q1); Applied Mathematics (Q1); Biochemistry, Genetics and Molecular Biology (miscellaneous) (Q1); Ecology, Evolution, Behavior and Systematics (Q1); Modeling and Simulation (Q1); Immunology (Q2)"
28;19700180907;"Environmental Microbiology Reports";journal;"17582229";1,203;Q1;62;97;306;4643;828;289;2,71;47,87;United States;Northern America;"Wiley-Blackwell";"2009-2020";"Agricultural and Biological Sciences (miscellaneous) (Q1); Ecology, Evolution, Behavior and Systematics (Q1)"
29;5400152649;"Mycological Progress";journal;"1617416X";1,197;Q1;33;102;289;5533;626;279;2,11;54,25;Germany;Western Europe;"Springer Verlag";"2006-2020";"Agricultural and Biological Sciences (miscellaneous) (Q1); Ecology, Evolution, Behavior and Systematics (Q1); Plant Science (Q1)"
30;96119;"Applied Soil Ecology";journal;"09291393";1,195;Q1;108;255;820;15154;3164;808;3,50;59,43;Netherlands;Western Europe;"Elsevier";"1994-2020";"Agricultural and Biological Sciences (miscellaneous) (Q1); Ecology (Q1); Soil Science (Q1)"
31;35510;"European Review of Agricultural Economics";journal;"14643618, 01651587";1,102;Q1;57;19;87;1387;228;85;2,26;73,00;United Kingdom;Western Europe;"Oxford University Press";"1981-1982, 1986-2019";"Agricultural and Biological Sciences (miscellaneous) (Q1); Economics and Econometrics (Q1)"
32;21100444312;"Biology Open";journal;"20466390";1,086;Q1;36;241;649;10794;1407;628;2,03;44,79;United Kingdom;Western Europe;"Company of Biologists Ltd";"2012-2020";"Agricultural and Biological Sciences (miscellaneous) (Q1); Biochemistry, Genetics and Molecular Biology (miscellaneous) (Q1)"
33;33722;"Journal of Agricultural and Food Chemistry";journal;"15205118, 00218561";1,086;Q1;280;1493;3894;68808;16754;3785;4,37;46,09;United States;Northern America;"American Chemical Society";"1908, 1953-2020";"Agricultural and Biological Sciences (miscellaneous) (Q1); Chemistry (miscellaneous) (Q1)"
34;21100817638;"Journal of the Saudi Society of Agricultural Sciences";journal;"1658077X";1,063;Q1;25;73;132;2879;655;130;4,86;39,44;Saudi Arabia;Middle East;"King Saud University";"2011-2020";"Agricultural and Biological Sciences (miscellaneous) (Q1)"
35;86245;"Precision Agriculture";journal;"15731618, 13852256";1,023;Q1;58;95;169;4078;842;166;5,20;42,93;Netherlands;Western Europe;"Springer Netherlands";"1999-2020";"Agricultural and Biological Sciences (miscellaneous) (Q1)"
36;19600162144;"Science China Life Sciences";journal;"16747305, 18691889";1,004;Q1;47;237;610;9880;1651;503;3,54;41,69;China;Asiatic Region;"Science in China Press";"2010-2020";"Agricultural and Biological Sciences (miscellaneous) (Q1); Environmental Science (miscellaneous) (Q1); Biochemistry, Genetics and Molecular Biology (miscellaneous) (Q2)"
37;21100239256;"PeerJ";journal;"21678359";0,995;Q1;56;2056;4542;115328;12157;4542;2,46;56,09;United States;Northern America;"PeerJ Inc.";"2013-2020";"Agricultural and Biological Sciences (miscellaneous) (Q1); Medicine (miscellaneous) (Q1); Biochemistry, Genetics and Molecular Biology (miscellaneous) (Q2); Neuroscience (miscellaneous) (Q2)"
38;21100870853;"npj Microgravity";journal;"23738065";0,994;Q1;15;30;86;1375;303;77;3,69;45,83;United Kingdom;Western Europe;"Nature Publishing Group";"2015-2020";"Agricultural and Biological Sciences (miscellaneous) (Q1); Materials Science (miscellaneous) (Q1); Medicine (miscellaneous) (Q1); Physics and Astronomy (miscellaneous) (Q1); Biochemistry, Genetics and Molecular Biology (miscellaneous) (Q2); Space and Planetary Science (Q2)"
39;20337;"Parasite";journal;"1252607X, 17761042";0,930;Q1;42;75;183;2612;425;183;2,23;34,83;France;Western Europe;"EDP Sciences";"1994-2020";"Agricultural and Biological Sciences (miscellaneous) (Q1); Animal Science and Zoology (Q1); Insect Science (Q1); Veterinary (miscellaneous) (Q1); Infectious Diseases (Q2); Parasitology (Q2)"
40;24135;"Bulletin of the American Museum of Natural History";book series;"00030090";0,922;Q1;53;11;28;1859;59;23;2,92;169,00;United States;Northern America;"American Museum of Natural History Library";"1996-2020";"Agricultural and Biological Sciences (miscellaneous) (Q1); Ecology (Q1)"
41;15900154753;"Communicative and Integrative Biology";journal;"19420889";0,914;Q1;34;23;113;1193;226;101;1,93;51,87;United States;Northern America;"Landes Bioscience";"2009-2020";"Agricultural and Biological Sciences (miscellaneous) (Q1)"
42;23100;"Proceedings of the Japan Academy Series B: Physical and Biological Sciences";journal;"13492896, 03862208";0,890;Q1;50;38;120;2707;305;112;3,19;71,24;Japan;Asiatic Region;"Japan Academy";"1977-2020";"Agricultural and Biological Sciences (miscellaneous) (Q1); Medicine (miscellaneous) (Q1); Multidisciplinary (Q1); Physics and Astronomy (miscellaneous) (Q1)"
43;13048;"Polar Biology";journal;"07224060, 14322056";0,861;Q1;74;206;642;11434;1220;622;1,73;55,50;Germany;Western Europe;"Springer Verlag";"1982-2020";"Agricultural and Biological Sciences (miscellaneous) (Q1)"
44;15654;"Journal of Agricultural, Biological, and Environmental Statistics";journal;"10857117, 15372693";0,843;Q1;49;36;102;1470;146;100;1,61;40,83;United States;Northern America;"Springer New York";"1996-2020";"Agricultural and Biological Sciences (miscellaneous) (Q1); Environmental Science (miscellaneous) (Q1); Applied Mathematics (Q2); Statistics and Probability (Q2); Statistics, Probability and Uncertainty (Q2)"
45;13260;"Biological Research";journal;"07176287, 07169760";0,841;Q1;49;61;146;319;442;143;3,05;5,23;Chile;Latin America;"BioMed Central Ltd.";"1992-2020";"Agricultural and Biological Sciences (miscellaneous) (Q1); Biochemistry, Genetics and Molecular Biology (miscellaneous) (Q2); Medicine (miscellaneous) (Q2)"
46;14005;"Paleobiology";journal;"00948373, 19385331";0,839;Q1;90;37;112;2996;221;111;1,99;80,97;United Kingdom;Western Europe;"Cambridge University Press";"1975-2020";"Agricultural and Biological Sciences (miscellaneous) (Q1); Ecology (Q1); Paleontology (Q1); Ecology, Evolution, Behavior and Systematics (Q2)"
47;29610;"Journal of Mathematical Biology";journal;"03036812, 14321416";0,837;Q1;89;150;382;6309;811;378;2,02;42,06;Germany;Western Europe;"Springer Verlag";"1974-2020";"Agricultural and Biological Sciences (miscellaneous) (Q1); Modeling and Simulation (Q1); Applied Mathematics (Q2)"
48;6400153111;"Journal of Ethnobiology and Ethnomedicine";journal;"17464269";0,775;Q1;61;71;206;4743;563;202;2,41;66,80;United Kingdom;Western Europe;"BioMed Central Ltd.";"2005-2020";"Agricultural and Biological Sciences (miscellaneous) (Q1); Complementary and Alternative Medicine (Q1); Cultural Studies (Q1); Health (social science) (Q1)"
49;21100817122;"Agricultural and Food Economics";journal;"21937532";0,764;Q1;14;24;70;1167;154;67;1,80;48,63;United Kingdom;Western Europe;"Springer Open";"2013-2020";"Agricultural and Biological Sciences (miscellaneous) (Q1); Food Science (Q1); Economics and Econometrics (Q2)"
50;19700201635;"China Agricultural Economic Review";journal;"1756137X, 17561388";0,732;Q1;19;56;124;2379;229;122;1,79;42,48;United Kingdom;Western Europe;"Emarald Group Publishing Ltd";"2008-2020";"Agricultural and Biological Sciences (miscellaneous) (Q1); Economics and Econometrics (Q2)"
51;16298;"Journal of Irrigation and Drainage Engineering - ASCE";journal;"07339437, 19434774";0,706;Q1;68;74;437;1958;540;340;1,47;26,46;United States;Northern America;"American Society of Civil Engineers (ASCE)";"1982-2020";"Agricultural and Biological Sciences (miscellaneous) (Q1); Civil and Structural Engineering (Q2); Water Science and Technology (Q2)"
52;14864;"Cryobiology";journal;"00112240, 10902392";0,696;Q1;81;129;344;5275;809;336;2,26;40,89;United States;Northern America;"Academic Press Inc.";"1964-2020";"Agricultural and Biological Sciences (miscellaneous) (Q1); Biochemistry, Genetics and Molecular Biology (miscellaneous) (Q2); Medicine (miscellaneous) (Q2)"
53;53554;"Australian Journal of Agricultural and Resource Economics";journal;"1364985X, 14678489";0,689;Q1;46;49;129;2687;174;108;1,63;54,84;United Kingdom;Western Europe;"Wiley-Blackwell Publishing Ltd";"1996-2020";"Agricultural and Biological Sciences (miscellaneous) (Q1); Economics and Econometrics (Q2)"
54;21100316609;"Life Sciences in Space Research";journal;"22145532, 22145524";0,685;Q1;17;49;112;2434;305;104;2,61;49,67;Netherlands;Western Europe;"Elsevier BV";"2014-2020";"Agricultural and Biological Sciences (miscellaneous) (Q1); Radiation (Q1); Astronomy and Astrophysics (Q2); Ecology (Q2); Health, Toxicology and Mutagenesis (Q2)"
55;14901;"Journal of Thermal Biology";journal;"18790992, 03064565";0,680;Q1;63;233;522;12555;1289;518;2,54;53,88;United Kingdom;Western Europe;"Elsevier Ltd.";"1975-2020";"Agricultural and Biological Sciences (miscellaneous) (Q1); Biochemistry (Q3); Developmental Biology (Q3); Physiology (Q3)"
56;11900154330;"Journal of Biological Research";journal;"1790045X, 22415793";0,664;Q1;17;14;51;791;121;49;2,52;56,50;Greece;Western Europe;"BioMed Central Ltd.";"2008-2020";"Agricultural and Biological Sciences (miscellaneous) (Q1); Biochemistry, Genetics and Molecular Biology (miscellaneous) (Q2)"
57;21100202708;"Culture, Agriculture, Food and Environment";journal;"21539553, 1556486X";0,655;Q1;12;20;51;759;52;44;0,73;37,95;United States;Northern America;"John Wiley and Sons Inc.";"2011-2019";"Agricultural and Biological Sciences (miscellaneous) (Q1); Anthropology (Q1); Cultural Studies (Q1); Food Science (Q2)"
58;13255;"Biological Bulletin";journal;"19398697, 00063185";0,652;Q1;74;46;129;3109;176;115;1,41;67,59;United States;Northern America;"University of Chicago Press";"1945-1951, 1965-1979, 1981-1987, 1989-2020";"Agricultural and Biological Sciences (miscellaneous) (Q1)"
59;13845;"Bulletin of Mathematical Biology";journal;"00928240, 15229602";0,652;Q1;84;194;345;8214;642;333;1,85;42,34;United States;Northern America;"Springer New York";"1973-2020";"Agricultural and Biological Sciences (miscellaneous) (Q1); Biochemistry, Genetics and Molecular Biology (miscellaneous) (Q2); Computational Theory and Mathematics (Q2); Environmental Science (miscellaneous) (Q2); Mathematics (miscellaneous) (Q2); Pharmacology (Q2); Immunology (Q3); Neuroscience (miscellaneous) (Q3)"
60;16919;"BioMetals";journal;"15728773, 09660844";0,650;Q1;98;71;259;4413;712;253;2,56;62,15;Netherlands;Western Europe;"Springer Netherlands";"1992-2020";"Agricultural and Biological Sciences (miscellaneous) (Q1); Metals and Alloys (Q1); Biochemistry, Genetics and Molecular Biology (miscellaneous) (Q2); Biomaterials (Q3)"
61;19400158383;"Saudi Journal of Biological Sciences";journal;"1319562X";0,649;Q1;42;321;664;12865;2239;659;3,12;40,08;Saudi Arabia;Middle East;"King Saud University";"2009-2020";"Agricultural and Biological Sciences (miscellaneous) (Q1)"
62;13699;"Biology and Philosophy";journal;"15728404, 01693867";0,645;Q1;47;62;153;3441;248;147;1,27;55,50;Netherlands;Western Europe;"Springer Netherlands";"1986-2020";"Agricultural and Biological Sciences (miscellaneous) (Q1); History and Philosophy of Science (Q1); Philosophy (Q1)"
63;12428;"Comptes Rendus - Biologies";journal;"17683238, 16310691";0,615;Q1;79;34;185;1650;358;181;1,90;48,53;France;Western Europe;"Academie des sciences";"1959, 2002-2019";"Agricultural and Biological Sciences (miscellaneous) (Q1); Biochemistry, Genetics and Molecular Biology (miscellaneous) (Q2); Medicine (miscellaneous) (Q2); Immunology and Microbiology (miscellaneous)  (Q3)"
64;14301;"Symbiosis";journal;"03345114, 18787665";0,600;Q1;44;79;196;5307;366;192;1,75;67,18;Netherlands;Western Europe;"Springer Netherlands";"1973, 1985, 1987, 1990-1991, 1993-2020";"Agricultural and Biological Sciences (miscellaneous) (Q1)"
65;19700188305;"Journal of Agricultural Education and Extension";journal;"1389224X, 17508622";0,592;Q1;22;34;96;1512;158;75;1,92;44,47;United Kingdom;Western Europe;"Taylor and Francis Ltd.";"2010-2020";"Agricultural and Biological Sciences (miscellaneous) (Q1); Education (Q2); Geography, Planning and Development (Q2)"
66;54288;"Animal Science Journal";journal;"13443941, 17400929";0,582;Q1;33;179;643;6755;1014;639;1,50;37,74;United Kingdom;Western Europe;"Wiley-Blackwell Publishing Ltd";"2003-2020";"Agricultural and Biological Sciences (miscellaneous) (Q1); Medicine (miscellaneous) (Q2)"
67;13916;"Historical Biology";journal;"08912963, 10292381";0,578;Q1;34;251;320;16420;432;260;1,97;65,42;United Kingdom;Western Europe;"Taylor and Francis Ltd.";"1988-1997, 1999-2002, 2004-2020";"Agricultural and Biological Sciences (miscellaneous) (Q1)"
68;29579;"Journal of Biosciences";journal;"02505991";0,572;Q1;69;170;236;6700;389;226;1,60;39,41;India;Asiatic Region;"Springer India";"1979-2020";"Agricultural and Biological Sciences (miscellaneous) (Q1); Biochemistry, Genetics and Molecular Biology (miscellaneous) (Q2); Medicine (miscellaneous) (Q2)"
69;69005;"Agricultural Finance Review";journal;"00021466, 20416326";0,568;Q2;21;59;104;2864;205;93;2,00;48,54;United Kingdom;Western Europe;"Emerald Group Publishing Ltd.";"1980, 2000-2020";"Economics, Econometrics and Finance (miscellaneous) (Q1); Agricultural and Biological Sciences (miscellaneous) (Q2); Economics and Econometrics (Q2); Finance (Q2); Strategy and Management (Q2)"
70;29663;"Journal of Theoretical Biology";journal;"10958541, 00225193";0,568;Q1;149;367;1258;18957;2982;1226;2,56;51,65;United States;Northern America;"Academic Press Inc.";"1961-2020";"Agricultural and Biological Sciences (miscellaneous) (Q1); Applied Mathematics (Q2); Biochemistry, Genetics and Molecular Biology (miscellaneous) (Q2); Medicine (miscellaneous) (Q2); Modeling and Simulation (Q2); Statistics and Probability (Q2); Immunology and Microbiology (miscellaneous)  (Q3)"
71;21100447128;"3 Biotech";journal;"2190572X, 21905738";0,543;Q2;28;454;1141;21868;2736;1128;2,04;48,17;Switzerland;Western Europe;"Springer International Publishing AG";"2014-2020";"Agricultural and Biological Sciences (miscellaneous) (Q2); Biotechnology (Q2); Environmental Science (miscellaneous) (Q2)"
72;6000187990;"Diversity";journal;"14242818";0,541;Q2;34;230;213;16433;335;206;1,55;71,45;Switzerland;Western Europe;"MDPI Multidisciplinary Digital Publishing Institute";"2009-2020";"Agricultural and Biological Sciences (miscellaneous) (Q2); Ecology (Q2); Nature and Landscape Conservation (Q2); Ecological Modeling (Q3)"
73;19400157530;"Memoirs of Museum Victoria";journal;"14472554, 14472546";0,528;Q2;10;5;41;275;51;40;0,22;55,00;Australia;Pacific Region;"Museum Victoria";"2009-2011, 2013-2019";"Agricultural and Biological Sciences (miscellaneous) (Q2); Oceanography (Q2); Paleontology (Q2)"
74;80793;"Journal of Agricultural & Applied Economics";journal;"10740708";0,523;Q2;6;41;76;1494;99;76;1,32;36,44;United States;Northern America;"Cambridge University Press";"1995, 2016-2020";"Agricultural and Biological Sciences (miscellaneous) (Q2); Economics and Econometrics (Q2)"
75;4000148503;"International Journal of Environmental Science and Technology";journal;"17351472";0,518;Q2;69;794;772;34194;2041;756;2,41;43,07;Iran;Middle East;"CEERS";"2005-2020";"Agricultural and Biological Sciences (miscellaneous) (Q2); Environmental Engineering (Q2); Environmental Chemistry (Q3)"
76;13841;"Brazilian Journal of Biology";journal;"15196984, 16784375";0,517;Q2;49;109;385;3824;464;330;1,38;35,08;Brazil;Latin America;"Instituto Internacional de Ecologia";"2000-2020";"Agricultural and Biological Sciences (miscellaneous) (Q2)"
77;24778;"Journal of Agricultural and Environmental Ethics";journal;"11877863";0,509;Q2;44;52;160;2619;283;156;1,54;50,37;Netherlands;Western Europe;"Springer Netherlands";"1991-2020";"History (Q1); Agricultural and Biological Sciences (miscellaneous) (Q2); Environmental Science (miscellaneous) (Q2); Environmental Chemistry (Q3)"
78;38490;"Bragantia";journal;"00068705";0,502;Q2;31;59;181;2087;233;176;1,18;35,37;Brazil;Latin America;"Instituto Agronomico";"1977, 1979, 1985, 1992-2019";"Agricultural and Biological Sciences (miscellaneous) (Q2); Materials Science (miscellaneous) (Q2)"
79;24562;"Mathematical Biosciences";journal;"00255564";0,502;Q2;87;118;435;5091;771;428;1,79;43,14;United States;Northern America;"Elsevier Inc.";"1967-2020";"Agricultural and Biological Sciences (miscellaneous) (Q2); Applied Mathematics (Q2); Biochemistry, Genetics and Molecular Biology (miscellaneous) (Q2); Medicine (miscellaneous) (Q2); Modeling and Simulation (Q2); Immunology and Microbiology (miscellaneous)  (Q3); Statistics and Probability (Q3)"
80;21100812104;"Scientifica";journal;"2090908X";0,498;Q2;17;21;299;820;568;295;1,62;39,05;Egypt;Africa/Middle East;"Hindawi Limited";"2016-2020";"Agricultural and Biological Sciences (miscellaneous) (Q2); Environmental Science (miscellaneous) (Q2)"
81;19700183006;"International Journal of Agricultural and Biological Engineering";journal;"19346352, 19346344";0,497;Q2;26;151;464;5463;953;461;2,23;36,18;China;Asiatic Region;"Chinese Society of Agricultural Engineering";"2008-2020";"Engineering (miscellaneous) (Q1); Agricultural and Biological Sciences (miscellaneous) (Q2)"
82;13336;"Acta Palaeobotanica";journal;"00016594";0,472;Q2;22;20;55;1130;70;53;1,23;56,50;Germany;Western Europe;"De Gruyter Open Ltd.";"1978-2020";"Agricultural and Biological Sciences (miscellaneous) (Q2); Earth and Planetary Sciences (miscellaneous) (Q2)"
83;21100784274;"Journal of Agribusiness in Developing and Emerging Economies";journal;"20440847, 20440839";0,468;Q2;11;39;67;2029;135;67;1,84;52,03;United Kingdom;Western Europe;"Emerald Group Publishing Ltd.";"2011-2013, 2016-2020";"Agricultural and Biological Sciences (miscellaneous) (Q2); Development (Q2); Economics and Econometrics (Q2)"
84;21100883675;"Arab Journal of Basic and Applied Sciences";journal;"25765299";0,461;Q2;19;48;116;1886;321;114;3,17;39,29;United Kingdom;Western Europe;"Taylor and Francis Ltd.";"2018-2020";"Agricultural and Biological Sciences (miscellaneous) (Q2); Biochemistry, Genetics and Molecular Biology (miscellaneous) (Q2); Chemistry (miscellaneous) (Q2); Energy (miscellaneous) (Q2); Environmental Science (miscellaneous) (Q2); Materials Science (miscellaneous) (Q2); Mathematics (miscellaneous) (Q2)"
85;59863;"Nongye Jixie Xuebao/Transactions of the Chinese Society of Agricultural Machinery";journal;"10001298";0,461;Q2;39;641;2105;18565;3123;2105;1,56;28,96;China;Asiatic Region;"Chinese Society of Agricultural Machinery";"2001-2020";"Agricultural and Biological Sciences (miscellaneous) (Q2); Mechanical Engineering (Q2)"
86;29571;"Journal of Biological Education";journal;"00219266, 21576009";0,456;Q2;36;106;128;3604;149;103;1,12;34,00;United Kingdom;Western Europe;"Taylor and Francis Ltd.";"1967-2009, 2011-2020";"Agricultural and Biological Sciences (miscellaneous) (Q2); Education (Q2)"
87;21100834919;"SEMA SIMAI Springer Series";book series;"21993041, 2199305X";0,454;Q2;8;27;136;594;70;29;1,73;22,00;Switzerland;Western Europe;"Springer International Publishing AG";"2012-2019";"Agricultural and Biological Sciences (miscellaneous) (Q2); Computational Mechanics (Q2); Fluid Flow and Transfer Processes (Q2); Industrial and Manufacturing Engineering (Q2); Physics and Astronomy (miscellaneous) (Q2); Applied Mathematics (Q3); Computational Mathematics (Q3); Numerical Analysis (Q3)"
88;31877;"International Agrophysics";journal;"02368722";0,451;Q2;34;50;185;1803;348;178;1,93;36,06;Germany;Western Europe;"Polish Academy of Sciences";"1989, 1992-2020";"Agricultural and Biological Sciences (miscellaneous) (Q2); Fluid Flow and Transfer Processes (Q2); Soil Science (Q2); Water Science and Technology (Q2)"
89;21100778828;"Agricultural Economics (Czech Republic)";journal;"0139570X, 18059295";0,445;Q2;20;62;159;1715;231;159;1,24;27,66;Czech Republic;Eastern Europe;"Czech Academy of Agricultural Sciences";"2007-2020";"Economics, Econometrics and Finance (miscellaneous) (Q1); Agricultural and Biological Sciences (miscellaneous) (Q2)"
90;62499;"Nongye Gongcheng Xuebao/Transactions of the Chinese Society of Agricultural Engineering";journal;"10026819";0,438;Q2;46;908;3122;31089;4733;3122;1,58;34,24;China;Asiatic Region;"Chinese Society of Agricultural Engineering";"1998-1999, 2001-2020";"Agricultural and Biological Sciences (miscellaneous) (Q2); Mechanical Engineering (Q2)"
91;23840;"Boreal Environment Research";journal;"12396095";0,426;Q2;54;15;81;877;110;79;1,20;58,47;Finland;Western Europe;"Finnish Environment Institute";"1996-2020";"Agricultural and Biological Sciences (miscellaneous) (Q2); Atmospheric Science (Q3); Ecological Modeling (Q3); Pollution (Q3)"
92;13561;"Revista Chilena de Historia Natural";journal;"0716078X, 07176317";0,423;Q2;37;1;25;57;42;25;1,67;57,00;Chile;Latin America;"Sociedad de Biologia de Chile";"2002-2019";"Agricultural and Biological Sciences (miscellaneous) (Q2); Environmental Science (miscellaneous) (Q2)"
93;21100395913;"International Journal of Recycling of Organic Waste in Agriculture";journal;"22517715, 21953228";0,421;Q2;16;96;112;4085;267;112;2,03;42,55;United States;Northern America;"Springer Science + Business Media";"2012-2019";"Agricultural and Biological Sciences (miscellaneous) (Q2); Waste Management and Disposal (Q2)"
94;19600162167;"Journal of Water and Land Development";journal;"14297426, 20834535";0,418;Q2;14;75;212;2522;309;212;1,37;33,63;Poland;Eastern Europe;"Institute for Land Reclamation and Grassland Farming";"2006-2019";"Agricultural and Biological Sciences (miscellaneous) (Q2); Development (Q2); Geography, Planning and Development (Q2); Water Science and Technology (Q2); Environmental Engineering (Q3)"
95;5200152802;"Mathematical Biosciences and Engineering";journal;"15471063, 15510018";0,418;Q2;39;421;221;15362;310;216;1,34;36,49;United States;Northern America;"Arizona State University";"2006-2020";"Agricultural and Biological Sciences (miscellaneous) (Q2); Applied Mathematics (Q3); Computational Mathematics (Q3); Medicine (miscellaneous) (Q3); Modeling and Simulation (Q3)"
96;21100247800;"Phycological Research";journal;"13220829, 14401835";0,413;Q2;41;54;112;2218;156;107;1,32;41,07;United States;Northern America;"John Wiley and Sons Inc.";"1995, 1997-2020";"Agricultural and Biological Sciences (miscellaneous) (Q2); Plant Science (Q2); Aquatic Science (Q3); Ecology, Evolution, Behavior and Systematics (Q3); Physiology (Q4)"
97;29662;"Journal of the History of Biology";journal;"15730387, 00225010";0,411;Q2;28;29;86;2267;60;74;0,73;78,17;Netherlands;Western Europe;"Springer Netherlands";"1968-2020";"History and Philosophy of Science (Q1); Agricultural and Biological Sciences (miscellaneous) (Q2)"
98;17141;"Journal of the Textile Institute";journal;"17542340, 00405000";0,396;Q2;39;292;625;8401;1054;620;1,56;28,77;United Kingdom;Western Europe;"Taylor and Francis Ltd.";"1967-2020";"Agricultural and Biological Sciences (miscellaneous) (Q2); Industrial and Manufacturing Engineering (Q2); Materials Science (miscellaneous) (Q2); Polymers and Plastics (Q2)"
99;18733;"Rendiconti Lincei";journal;"11206349, 17200776";0,388;Q2;23;110;287;4599;478;277;1,80;41,81;Italy;Western Europe;"Springer-Verlag Italia";"1990-1998, 2000-2020";"Agricultural and Biological Sciences (miscellaneous) (Q2); Earth and Planetary Sciences (miscellaneous) (Q2); Environmental Science (miscellaneous) (Q2)"
100;19700181006;"Revista Caatinga";journal;"0100316X, 19832125";0,383;Q2;15;120;360;3702;290;360;0,80;30,85;Brazil;Latin America;"Universidade Federal Rural do Semi-Arid";"2010-2020";"Agricultural and Biological Sciences (miscellaneous) (Q2)"
101;29797;"Vestnik Moskovskogo Unviersiteta, Seriya Geografiya";journal;"05799414";0,383;Q2;8;62;217;1397;94;217;0,40;22,53;Russian Federation;Eastern Europe;"Moskovskij Universitet";"1978-1993, 1995-2019";"Agricultural and Biological Sciences (miscellaneous) (Q2); Earth and Planetary Sciences (miscellaneous) (Q2); Geography, Planning and Development (Q2)"
102;130045;"Journal of Applied Biomedicine";journal;"12140287, 1214021X";0,375;Q2;26;28;127;1463;241;126;1,99;52,25;Spain;Western Europe;"Elsevier Espana";"2005-2020";"Agricultural and Biological Sciences (miscellaneous) (Q2); Pharmacology, Toxicology and Pharmaceutics (miscellaneous) (Q2); Biochemistry, Genetics and Molecular Biology (miscellaneous) (Q3); Medicine (miscellaneous) (Q3); Neuroscience (miscellaneous) (Q4)"
103;21100205924;"Redia";journal;"03704327";0,373;Q2;9;24;83;935;72;83;1,02;38,96;Italy;Western Europe;"Coppini";"2011-2019";"Agricultural and Biological Sciences (miscellaneous) (Q2)"
104;12395;"Polar Geography";journal;"19390513, 1088937X";0,369;Q2;25;23;55;1591;88;51;1,49;69,17;United Kingdom;Western Europe;"Taylor and Francis Ltd.";"1977-1979, 1995-2005, 2007-2020";"Agricultural and Biological Sciences (miscellaneous) (Q2); Earth and Planetary Sciences (miscellaneous) (Q2); Geography, Planning and Development (Q2)"
105;21100847303;"Tropical Natural History";journal;"15139700";0,369;Q2;2;11;24;327;13;16;0,81;29,73;Thailand;Asiatic Region;"Department of Biology, Faculty of Science, Chulalongkorn University";"2017-2019";"Agricultural and Biological Sciences (miscellaneous) (Q2); Ecology (Q3); Ecology, Evolution, Behavior and Systematics (Q3); Paleontology (Q3)"
106;38688;"Journal of Agricultural Safety and Health";journal;"10747583";0,366;Q2;33;12;62;307;64;59;0,89;25,58;United States;Northern America;"American Society of Agricultural and Biological Engineers";"1997-2019";"Agricultural and Biological Sciences (miscellaneous) (Q2); Safety, Risk, Reliability and Quality (Q2); Public Health, Environmental and Occupational Health (Q3)"
107;13669;"Proceedings of the Biological Society of Washington";journal;"0006324X";0,362;Q2;28;5;61;247;37;61;0,69;49,40;United States;Northern America;"Biological Society of Washington";"1983-1984, 1992-2019";"Agricultural and Biological Sciences (miscellaneous) (Q2)"
108;18800156710;"Journal of Agricultural Science and Technology";journal;"16807073";0,357;Q2;26;92;412;3853;443;412;0,89;41,88;Iran;Middle East;"Tarbiat Modares University";"2008-2020";"Agricultural and Biological Sciences (miscellaneous) (Q2)"
109;24880;"South African Journal of Science";journal;"03708462, 00382353";0,356;Q2;59;114;303;3216;329;212;1,70;28,21;South Africa;Africa;"National Research Foundation";"1973-2020";"Agricultural and Biological Sciences (miscellaneous) (Q2); Earth and Planetary Sciences (miscellaneous) (Q2); Biochemistry, Genetics and Molecular Biology (miscellaneous) (Q3)"
110;21100777184;"Agriculture and Natural Resources";journal;"2452316X";0,341;Q2;10;57;251;1936;351;251;1,25;33,96;Netherlands;Western Europe;"Elsevier BV";"2016-2019";"Agricultural and Biological Sciences (miscellaneous) (Q2)"
111;18748;"Acta Amazonica";journal;"00445967";0,339;Q2;27;49;145;1813;170;144;0,92;37,00;Brazil;Latin America;"Instituto Nacional de Pesquisas da Amazonia";"1979, 2006-2020";"Agricultural and Biological Sciences (miscellaneous) (Q2)"
112;21100787826;"Proceedings of the 19th Annual Conference of the European Association for Machine Translation, EAMT 2016";conference and proceedings;"-";0,339;-;4;0;26;0;27;23;0,00;0,00;Switzerland;Western Europe;"";"";"Agricultural and Biological Sciences (miscellaneous); Automotive Engineering; Chemical Engineering (miscellaneous); Energy (miscellaneous); Food Science; Industrial and Manufacturing Engineering"
113;21100797915;"Agri Gene";journal;"23522151";0,338;Q2;6;12;77;594;75;75;0,98;49,50;United States;Northern America;"Elsevier Inc.";"2016-2020";"Agricultural and Biological Sciences (miscellaneous) (Q2); Biotechnology (Q3); Genetics (Q4)"
114;12597;"American Biology Teacher";journal;"00027685";0,338;Q2;30;95;317;1781;124;271;0,41;18,75;United States;Northern America;"National Association of Biology Teachers, Inc";"1970-2020";"Agricultural and Biological Sciences (miscellaneous) (Q2); Education (Q3)"
115;101441;"Engenharia Agricola";journal;"01006916";0,336;Q2;26;95;365;2525;283;359;0,67;26,58;Brazil;Latin America;"Sociedade Brasileira de Engenharia Agricola";"1981, 2006-2019";"Agricultural and Biological Sciences (miscellaneous) (Q2)"
116;22563;"Journal of Ichthyology";journal;"00329452, 15318486";0,322;Q2;17;111;291;3867;147;290;0,51;34,84;Russian Federation;Eastern Europe;"Pleiades Publishing";"1976-1977, 1979-1984, 1987, 1990-1995, 2006-2020";"Agricultural and Biological Sciences (miscellaneous) (Q2); Aquatic Science (Q3)"
117;21100248942;"Acta Tabacaria Sinica";journal;"10045708";0,319;Q2;7;105;304;2745;135;304;0,47;26,14;China;Asiatic Region;"zhong guo yan cao xue bao bian ji bu";"2013-2020";"Agricultural and Biological Sciences (miscellaneous) (Q2)"
118;21100248922;"Organic Agriculture";journal;"18794238, 18794246";0,316;Q2;13;57;94;2674;130;91;1,62;46,91;United States;Northern America;"Springer Science + Business Media";"2011-2020";"Agricultural and Biological Sciences (miscellaneous) (Q2)"
119;21100204121;"Agris On-line Papers in Economics and Informatics";journal;"18041930";0,310;Q2;13;40;122;1285;127;122;0,96;32,13;Czech Republic;Eastern Europe;"Faculty of Economics and Management CULS Prague";"2011-2019";"Agricultural and Biological Sciences (miscellaneous) (Q2); Economics, Econometrics and Finance (miscellaneous) (Q2); Geography, Planning and Development (Q3); Management, Monitoring, Policy and Law (Q3)"
120;5000157301;"Transactions of the Royal Society of South Africa";journal;"0035919X, 21540098";0,309;Q2;22;37;71;2369;88;66;1,10;64,03;United Kingdom;Western Europe;"Taylor and Francis Ltd.";"1909-1910, 1913-1915, 1917-1919, 1921-1926, 1928-1940, 1942-1943, 1945-1949, 1951, 1954-1964, 1967-1972, 1974-1990, 1992-2020";"Agricultural and Biological Sciences (miscellaneous) (Q2); Multidisciplinary (Q2); Earth and Planetary Sciences (miscellaneous) (Q3); Environmental Science (miscellaneous) (Q3); Medicine (miscellaneous) (Q3)"
121;23032;"Transactions of the Royal Society of South Australia";journal;"22040293, 03721426";0,302;Q2;18;17;51;849;35;47;0,77;49,94;United Kingdom;Western Europe;"Taylor and Francis Ltd.";"1979-1981, 1996-2020";"Agricultural and Biological Sciences (miscellaneous) (Q2); Anthropology (Q2); Environmental Science (miscellaneous) (Q3); Paleontology (Q3)"
122;21100857120;"Open Agriculture";journal;"23919531";0,300;Q2;6;67;159;2702;154;159;0,92;40,33;Poland;Eastern Europe;"De Gruyter Open Ltd.";"2016-2020";"Agricultural and Biological Sciences (miscellaneous) (Q2)"
123;15014;"Agricultural History";journal;"00021482";0,297;Q2;15;24;57;2295;19;54;0,32;95,63;United States;Northern America;"Agricultural History Society";"1975, 1978-2019";"History (Q1); Agricultural and Biological Sciences (miscellaneous) (Q2)"
124;21100824972;"HAYATI Journal of Biosciences";journal;"19783019, 20864094";0,293;Q2;14;27;93;732;136;93;1,49;27,11;Indonesia;Asiatic Region;"";"2005-2019";"Agricultural and Biological Sciences (miscellaneous) (Q2); Biochemistry, Genetics and Molecular Biology (miscellaneous) (Q3)"
125;29577;"Journal of Biological Systems";journal;"17936470, 02183390";0,290;Q2;31;22;90;802;75;88;0,88;36,45;Singapore;Asiatic Region;"World Scientific Publishing Co. Pte Ltd";"1996-2020";"Agricultural and Biological Sciences (miscellaneous) (Q2); Applied Mathematics (Q3); Ecology (Q3)"
126;19383;"Fluoride - Quarterly Reports";journal;"22534083, 00154725";0,288;Q2;45;8;119;231;100;104;0,77;28,88;New Zealand;Pacific Region;"International Society for Fluoride Research";"1973-2020";"Agricultural and Biological Sciences (miscellaneous) (Q2); Chemistry (miscellaneous) (Q3); Dentistry (miscellaneous) (Q3); Public Health, Environmental and Occupational Health (Q3); Biochemistry (Q4); Health, Toxicology and Mutagenesis (Q4); Toxicology (Q4)"
127;21100239247;"Tobacco Science and Technology";journal;"10020861";0,288;Q2;9;185;527;4172;303;527;0,57;22,55;China;Asiatic Region;"yan cao ke ji bian ji bu";"2013-2019";"Agricultural and Biological Sciences (miscellaneous) (Q2)"
128;19093;"Acta Protozoologica";journal;"16890027, 00651583";0,285;Q2;35;10;72;378;44;72;0,53;37,80;Poland;Eastern Europe;"Jagiellonian University Press";"1973-1990, 1992-2019";"Agricultural and Biological Sciences (miscellaneous) (Q2)"
129;21100898952;"Nature Conservation Research";journal;"2500008X";0,283;Q2;7;62;158;2565;134;151;0,89;41,37;Russian Federation;Eastern Europe;"Fund for Support and Development of Protected Areas";"2016-2020";"Agricultural and Biological Sciences (miscellaneous) (Q2); Earth and Planetary Sciences (miscellaneous) (Q3); Ecology (Q3); Nature and Landscape Conservation (Q3)"
130;19900191941;"Semina:Ciencias Agrarias";journal;"1676546X, 16790359";0,281;Q2;23;310;986;10013;538;984;0,46;32,30;Brazil;Latin America;"Universidade Estadual de Londrina";"2008-2020";"Agricultural and Biological Sciences (miscellaneous) (Q2)"
131;19200157039;"Tropical Life Sciences Research";journal;"19853718, 19858345, 21804249";0,280;Q2;13;36;100;1190;98;99;0,88;33,06;Malaysia;Asiatic Region;"Universiti Sains Malaysia";"2009-2019";"Agricultural and Biological Sciences (miscellaneous) (Q2); Biochemistry, Genetics and Molecular Biology (miscellaneous) (Q3); Medicine (miscellaneous) (Q3)"
132;21100791821;"Annual Research and Review in Biology (discontinued)";journal;"2347565X";0,277;Q2;16;0;421;0;449;421;1,36;0,00;United States;Northern America;"SCIENCEDOMAIN international";"2016-2017";"Agricultural and Biological Sciences (miscellaneous) (Q2); Biochemistry, Genetics and Molecular Biology (miscellaneous) (Q3)"
133;10900153321;"International Journal of Agriculture and Biology";journal;"15608530, 18149596";0,275;Q2;35;179;777;7146;561;776;0,64;39,92;Pakistan;Asiatic Region;"Friends Science Publishers";"2008-2020";"Agricultural and Biological Sciences (miscellaneous) (Q2)"
134;5300152610;"Folia Oecologica";journal;"13365266";0,274;Q2;8;20;49;825;46;49;1,15;41,25;Slovakia;Eastern Europe;"Institute of Forest Ecology of the Slovak Academy of Sciences";"2006-2019";"Agricultural and Biological Sciences (miscellaneous) (Q2); Ecology (Q3); Forestry (Q3)"
135;21100463068;"International Journal on Advanced Science, Engineering and Information Technology";journal;"20885334, 24606952";0,274;Q2;17;305;878;8534;1080;878;1,09;27,98;Indonesia;Asiatic Region;"";"2015-2020";"Agricultural and Biological Sciences (miscellaneous) (Q2); Engineering (miscellaneous) (Q2); Computer Science (miscellaneous) (Q3)"
136;13567;"Revista de Biologia Tropical";journal;"00347744";0,266;Q2;36;148;456;7731;283;453;0,51;52,24;Costa Rica;Latin America;"Universidad de Costa Rica";"1969-2020";"Agricultural and Biological Sciences (miscellaneous) (Q2)"
137;21100842838;"AIMS Agriculture and Food";journal;"24712086";0,264;Q2;7;53;95;2597;102;90;0,90;49,00;United States;Northern America;"AIMS Press";"2016-2020";"Agricultural and Biological Sciences (miscellaneous) (Q2); Food Science (Q3)"
138;12100154830;"Bioagro";journal;"13163361";0,264;Q2;7;24;68;720;40;63;0,68;30,00;Venezuela;Latin America;"Universidad Centroccidental Lisandro Alvarado (UCLA)";"2008-2020";"Agricultural and Biological Sciences (miscellaneous) (Q2)"
139;14552;"Doklady Biological Sciences";journal;"00124966, 16083105";0,263;Q2;16;52;214;649;115;213;0,58;12,48;Russian Federation;Eastern Europe;"Pleiades Publishing";"1972-1974, 1979-1990, 2000-2019";"Agricultural and Biological Sciences (miscellaneous) (Q2); Biochemistry, Genetics and Molecular Biology (miscellaneous) (Q3); Medicine (miscellaneous) (Q3); Immunology and Microbiology (miscellaneous)  (Q4)"
140;21100232418;"Ethnobiology Letters";journal;"21598126";0,259;Q3;9;15;80;533;37;72;0,56;35,53;United States;Northern America;"Society of Ethnobiology";"2010-2019";"Anthropology (Q2); Agricultural and Biological Sciences (miscellaneous) (Q3)"
141;87707;"Biology and Environment";journal;"07917945";0,258;Q3;26;12;50;631;40;47;0,58;52,58;Ireland;Western Europe;"Royal Irish Academy";"1993, 1995-2019";"Agricultural and Biological Sciences (miscellaneous) (Q3); Environmental Science (miscellaneous) (Q3)"
142;21100336102;"Atti della Societa Toscana di Scienze Naturali, Memorie Serie B";journal;"03657450";0,255;Q3;13;1;44;90;23;43;0,67;90,00;Italy;Western Europe;"";"1995-2019";"Agricultural and Biological Sciences (miscellaneous) (Q3)"
143;21100198208;"Engineering for Rural Development";conference and proceedings;"16913043";0,254;-;12;289;794;4333;432;791;0,60;14,99;Latvia ;Eastern Europe;"";"16913043";"Agricultural and Biological Sciences (miscellaneous); Automotive Engineering; Chemical Engineering (miscellaneous); Energy (miscellaneous); Food Science; Industrial and Manufacturing Engineering"
144;4700152284;"Turkish Journal of Biology";journal;"13000152";0,252;Q3;35;33;279;1506;227;278;0,78;45,64;Turkey;Middle East;"TUBITAK";"2006-2020";"Agricultural and Biological Sciences (miscellaneous) (Q3); Cell Biology (Q4); Genetics (Q4); Microbiology (Q4); Molecular Biology (Q4); Physiology (Q4)"
145;21100201540;"Economia Agraria y Recursos Naturales";journal;"15780732, 21747350";0,249;Q3;8;19;36;725;31;36;0,79;38,16;Spain;Western Europe;"Universitat Politecnica de Valencia";"2001, 2004, 2011-2019";"Agricultural and Biological Sciences (miscellaneous) (Q3); Environmental Science (miscellaneous) (Q3); Geography, Planning and Development (Q3)"
146;12990;"Periodicum Biologorum";journal;"00315362, 18490964";0,243;Q3;19;0;113;0;90;110;0,52;0,00;Croatia;Eastern Europe;"Croatian Society of Natural Sciences";"1980, 1984, 1986, 1990-2018";"Agricultural and Biological Sciences (miscellaneous) (Q3); Biochemistry, Genetics and Molecular Biology (miscellaneous) (Q3); Medicine (miscellaneous) (Q3)"
147;82230;"Revista Ceres";journal;"0034737X, 21773491";0,243;Q3;14;41;262;1214;122;262;0,36;29,61;Brazil;Latin America;"Universidade Federal De Vicosa";"1978, 1980, 1982, 1984, 2012-2019";"Agricultural and Biological Sciences (miscellaneous) (Q3); Veterinary (miscellaneous) (Q3)"
148;21100205929;"Comunicata Scientiae";journal;"21775133, 21769079";0,241;Q3;10;48;217;1248;77;217;0,24;26,00;Brazil;Latin America;"Federal University of Piaui";"2010-2019";"Agricultural and Biological Sciences (miscellaneous) (Q3)"
149;12456;"Acta Biotheoretica";journal;"00015342, 15728358";0,240;Q3;32;24;64;1054;60;58;0,97;43,92;Netherlands;Western Europe;"Springer Netherlands";"1935-1943, 1946-1949, 1951-1953, 1955-1965, 1967-1988, 1990-2020";"Philosophy (Q2); Agricultural and Biological Sciences (miscellaneous) (Q3); Biochemistry, Genetics and Molecular Biology (miscellaneous) (Q3); Environmental Science (miscellaneous) (Q3); Medicine (miscellaneous) (Q3); Applied Mathematics (Q4)"
150;19900193617;"Proceedings of the National Academy of Sciences India Section B - Biological Sciences";journal;"03698211, 22501746";0,239;Q3;15;219;469;7057;298;464;0,62;32,22;India;Asiatic Region;"Springer India";"2008-2020";"Agricultural and Biological Sciences (miscellaneous) (Q3); Environmental Science (miscellaneous) (Q3)"
151;12300154711;"Archives of Biological Sciences";journal;"03544664";0,236;Q3;22;61;284;2488;239;272;0,85;40,79;Serbia;Eastern Europe;"Institut za Bioloska Istrazivanja";"2008-2019";"Agricultural and Biological Sciences (miscellaneous) (Q3); Biochemistry, Genetics and Molecular Biology (miscellaneous) (Q3)"
152;21100782200;"Biological Letters";journal;"16447700, 17347467";0,236;Q3;8;5;7;122;4;7;0,00;24,40;Germany;Western Europe;"De Gruyter Open Ltd.";"2009-2016, 2019";"Agricultural and Biological Sciences (miscellaneous) (Q3); Biochemistry, Genetics and Molecular Biology (miscellaneous) (Q3)"
153;13606;"Biology Bulletin";journal;"16083059, 10623590";0,232;Q3;18;166;465;6109;216;464;0,45;36,80;Russian Federation;Eastern Europe;"Pleiades Publishing";"1996-2019";"Agricultural and Biological Sciences (miscellaneous) (Q3); Biochemistry, Genetics and Molecular Biology (miscellaneous) (Q3)"
154;19400158376;"CAB Reviews: Perspectives in Agriculture, Veterinary Science, Nutrition and Natural Resources";journal;"17498848";0,232;Q3;27;56;153;6638;148;153;0,84;118,54;United Kingdom;Western Europe;"CAB International";"2006-2019";"Agricultural and Biological Sciences (miscellaneous) (Q3); Nature and Landscape Conservation (Q3); Veterinary (miscellaneous) (Q3)"
155;22476;"Informacion Tecnologica";journal;"07180764, 07168756";0,232;Q3;13;193;423;5945;266;410;0,73;30,80;Chile;Latin America;"Centro de Informacion Tecnologica";"1996-2019";"Multidisciplinary (Q2); Agricultural and Biological Sciences (miscellaneous) (Q3); Business, Management and Accounting (miscellaneous) (Q3); Chemical Engineering (miscellaneous) (Q3); Chemistry (miscellaneous) (Q3); Computer Science Applications (Q3); Computer Science (miscellaneous) (Q3); Energy (miscellaneous) (Q3); Food Science (Q3); Geotechnical Engineering and Engineering Geology (Q3); Industrial and Manufacturing Engineering (Q3); Materials Science (miscellaneous) (Q3); Strategy and Management (Q3)"
156;21100790079;"Journal of Agricultural Extension";journal;"24086851, 1119944X";0,231;Q3;3;57;129;989;51;129;0,41;17,35;Nigeria;Africa;"Agricultural Extension Society of Nigeria";"2016-2020";"Agricultural and Biological Sciences (miscellaneous) (Q3); Development (Q3); Education (Q3)"
157;21100822804;"Scientia Agricultura Sinica";journal;"05781752";0,230;Q3;9;378;847;14846;705;846;0,83;39,28;China;Asiatic Region;"Chinese Academy of Agricultural Sciences";"2011, 2017-2019";"Agricultural and Biological Sciences (miscellaneous) (Q3)"
158;21100794584;"Yuzuncu Yil University Journal of Agricultural Sciences";journal;"13087576, 13087584";0,229;Q3;5;95;217;3026;77;217;0,32;31,85;Turkey;Middle East;"University of Yuzuncu Yil";"2016-2019";"Agricultural and Biological Sciences (miscellaneous) (Q3)"
159;18430;"Caryologia";journal;"00087114, 21655391";0,227;Q3;27;35;157;1624;98;147;0,60;46,40;United Kingdom;Western Europe;"Taylor and Francis Ltd.";"1949-2019";"Agricultural and Biological Sciences (miscellaneous) (Q3); Genetics (Q4)"
160;18300156702;"Wildlife Biology in Practice";journal;"16461509, 16462742";0,225;Q3;9;0;10;0;7;9;0,00;0,00;Portugal;Western Europe;"Portuguese Wildlife Society";"2009-2016";"Agricultural and Biological Sciences (miscellaneous) (Q3); Ecology (Q3)"
161;21100838766;"Frontiers of Agricultural Science and Engineering";journal;"20957505, 2095977X";0,223;Q3;9;49;153;2710;119;138;0,77;55,31;China;Asiatic Region;"Higher Education Press Limited Company";"2014-2019";"Agricultural and Biological Sciences (miscellaneous) (Q3); Biotechnology (Q3); Veterinary (miscellaneous) (Q3)"
162;21100201998;"Scientia Agriculturae Bohemica";journal;"18059430, 12113174";0,220;Q3;10;35;100;1163;60;100;0,63;33,23;Germany;Western Europe;"De Gruyter Open Ltd.";"2012-2019";"Agricultural and Biological Sciences (miscellaneous) (Q3)"
163;25880;"Techniques - Sciences - Methodes";journal;"02997258";0,219;Q3;9;94;118;856;14;90;0,15;9,11;France;Western Europe;"Assoc. Generale des Hygienistes et Techniciens Municipaux";"1987-1989, 1991-2020";"Agricultural and Biological Sciences (miscellaneous) (Q3); Fluid Flow and Transfer Processes (Q3); Ocean Engineering (Q3); Water Science and Technology (Q3)"
164;19700175253;"Bioscience Journal";journal;"19813163, 15163725";0,217;Q3;16;185;583;5937;226;583;0,33;32,09;Brazil;Latin America;"Universidade Federal de Uberlandia";"2009-2020";"Agricultural and Biological Sciences (miscellaneous) (Q3)"
165;19900193854;"Revista Brasileirade Ciencias Agrarias";journal;"19811160, 19810997";0,217;Q3;12;50;209;1497;81;209;0,37;29,94;Brazil;Latin America;"Universidade Federal Rural de Pernambuco";"2011-2019";"Agricultural and Biological Sciences (miscellaneous) (Q3)"
166;21100809798;"Iraqi Journal of Agricultural Sciences";journal;"00750530, 24100862";0,216;Q3;4;127;388;3750;136;388;0,38;29,53;Iraq;Middle East;"University of Baghdad, College of Agriculture";"2016-2020";"Agricultural and Biological Sciences (miscellaneous) (Q3)"
167;21100205707;"German Journal of Agricultural Economics";journal;"00021121, 21914028";0,214;Q3;10;29;69;1221;24;69;0,44;42,10;Germany;Western Europe;"Deutscher Fachverlag GmbH";"2011-2019";"Agricultural and Biological Sciences (miscellaneous) (Q3); Economics and Econometrics (Q3)"
168;20059;"Caldasia";journal;"03665232";0,213;Q3;12;41;83;1680;40;83;0,41;40,98;Colombia;Latin America;"Universidad Nacional de Colombia";"1981, 1983-1984, 1986, 1989, 1992-1993, 1995-1997, 2008-2020";"Agricultural and Biological Sciences (miscellaneous) (Q3)"
169;9500154102;"Iranian Journal of Science and Technology, Transaction A: Science";journal;"10286276";0,212;Q3;17;323;439;9556;388;433;0,93;29,59;Iran;Middle East;"Springer International Publishing AG";"2006-2020";"Engineering (miscellaneous) (Q2); Agricultural and Biological Sciences (miscellaneous) (Q3); Chemistry (miscellaneous) (Q3); Earth and Planetary Sciences (miscellaneous) (Q3); Mathematics (miscellaneous) (Q4); Physics and Astronomy (miscellaneous) (Q4)"
170;21100413900;"Genetika";journal;"18206069, 05340012";0,210;Q3;12;89;275;3267;170;269;0,69;36,71;Serbia;Eastern Europe;"Drustvo Geneticara Srbije";"2007-2019";"Agricultural and Biological Sciences (miscellaneous) (Q3); Plant Science (Q3); Genetics (Q4)"
171;22034;"Gesunde Pflanzen";journal;"03674223, 14390345";0,210;Q3;13;44;66;1471;45;61;0,72;33,43;Germany;Western Europe;"Springer Verlag";"1974-1978, 1980-1989, 1996-2020";"Agricultural and Biological Sciences (miscellaneous) (Q3)"
172;20494;"Victorian Naturalist";journal;"00425184";0,208;Q3;9;21;88;394;12;57;0,19;18,76;Australia;Pacific Region;"Field Naturalists Club of Victoria";"1980, 1984, 2008-2019";"Agricultural and Biological Sciences (miscellaneous) (Q3)"
173;21100798596;"Revista Facultad Nacional de Agronomia Medellin";journal;"03042847, 22487026";0,207;Q3;5;37;95;1121;56;88;0,34;30,30;Colombia;Latin America;"Universidad Nacional de Colombia";"2016-2020";"Agricultural and Biological Sciences (miscellaneous) (Q3); Agronomy and Crop Science (Q3); Food Science (Q3); Forestry (Q3); Horticulture (Q3); Animal Science and Zoology (Q4)"
174;94708;"Journal of Insect Biotechnology and Sericology";journal;"13468073";0,205;Q3;18;10;44;294;14;43;0,33;29,40;Japan;Asiatic Region;"Japanese Society of Sericultural Sciences";"2001-2019";"Agricultural and Biological Sciences (miscellaneous) (Q3); Applied Microbiology and Biotechnology (Q3); Biotechnology (Q3); Business, Management and Accounting (miscellaneous) (Q3); Industrial and Manufacturing Engineering (Q3); Insect Science (Q4)"
175;21100371966;"Open Life Sciences";journal;"23915412";0,204;Q3;30;61;198;2266;155;198;0,73;37,15;Germany;Western Europe;"Walter de Gruyter GmbH";"2014-2020";"Agricultural and Biological Sciences (miscellaneous) (Q3); Biochemistry, Genetics and Molecular Biology (miscellaneous) (Q3); Immunology and Microbiology (miscellaneous)  (Q4); Neuroscience (miscellaneous) (Q4)"
176;20000195063;"Revista em Agronegocio e Meio Ambiente";journal;"21769168, 19819951";0,203;Q3;6;77;177;2405;30;172;0,12;31,23;Brazil;Latin America;"University Centre of Maringa - CESUMAR";"2008-2020";"Agricultural and Biological Sciences (miscellaneous) (Q3); Environmental Science (miscellaneous) (Q3)"
177;20500195080;"Biotropia";journal;"02156334, 1907770X";0,197;Q3;7;24;64;817;45;64;0,69;34,04;Indonesia;Asiatic Region;"Southeast Asian Regional Centre for Tropical Biology (SEAMEO BIOTROP)";"2006-2019";"Agricultural and Biological Sciences (miscellaneous) (Q3); Biotechnology (Q4); Ecology (Q4)"
178;21100865012;"Economia Agro-Alimentare";journal;"19724802, 11261668";0,197;Q3;8;26;66;1074;44;57;0,88;41,31;Italy;Western Europe;"FrancoAngeli Edizioni";"2012-2019";"Agricultural and Biological Sciences (miscellaneous) (Q3); Business, Management and Accounting (miscellaneous) (Q3); Geography, Planning and Development (Q3); Social Sciences (miscellaneous) (Q3); Agronomy and Crop Science (Q4); Economics and Econometrics (Q4); Food Animals (Q4); Food Science (Q4); Management, Monitoring, Policy and Law (Q4)"
179;21100413803;"Czech Polar Reports";journal;"18050689, 18050697";0,196;Q3;6;10;75;397;41;74;0,65;39,70;Czech Republic;Eastern Europe;"EMUNI Press";"2014-2019";"Agricultural and Biological Sciences (miscellaneous) (Q3); Earth and Planetary Sciences (miscellaneous) (Q3); Environmental Science (miscellaneous) (Q3)"
180;21100204913;"Moscow University Biological Sciences Bulletin";journal;"1934791X, 00963925";0,195;Q3;10;30;128;700;63;126;0,56;23,33;Russian Federation;Eastern Europe;"Pleiades Publishing";"1980, 1988, 2009, 2011-2019";"Agricultural and Biological Sciences (miscellaneous) (Q3); Biochemistry, Genetics and Molecular Biology (miscellaneous) (Q3); Environmental Science (miscellaneous) (Q3)"
181;19700182104;"International Journal of Agricultural and Statistical Sciences";journal;"09763392, 09731903";0,194;Q3;5;120;408;2138;57;408;0,16;17,82;India;Asiatic Region;"DAV College";"2009-2019";"Agricultural and Biological Sciences (miscellaneous) (Q3); Applied Mathematics (Q4); Statistics and Probability (Q4)"
182;21100810443;"Corpoica Ciencia y Tecnologia Agropecuaria";journal;"01228706, 25005308";0,192;Q3;3;21;75;838;38;72;0,50;39,90;Colombia;Latin America;"Colombian Corporation of Agricultural Research (Corpoica)";"2016-2020";"Agricultural and Biological Sciences (miscellaneous) (Q3)"
183;19400157213;"Bulgarian Journal of Agricultural Science";journal;"13100351";0,191;Q3;19;248;530;6681;256;530;0,54;26,94;Bulgaria;Eastern Europe;"Agricultural Academy";"2008-2020";"Agricultural and Biological Sciences (miscellaneous) (Q3); Veterinary (miscellaneous) (Q3)"
184;21100902935;"Journal of Biologically Active Products from Nature";journal;"22311874, 22311866";0,191;Q3;9;41;111;1641;65;111;0,62;40,02;United Kingdom;Western Europe;"Taylor and Francis Ltd.";"2011-2019";"Agricultural and Biological Sciences (miscellaneous) (Q3); Complementary and Alternative Medicine (Q3); Drug Discovery (Q4); Pharmacology (Q4); Plant Science (Q4); Toxicology (Q4)"
185;21100286450;"Bioscience Horizons";journal;"17547431";0,186;Q3;16;1;39;57;25;37;0,46;57,00;United Kingdom;Western Europe;"Oxford University Press";"2008-2019";"Agricultural and Biological Sciences (miscellaneous) (Q3); Biochemistry, Genetics and Molecular Biology (miscellaneous) (Q3)"
186;69053;"Ciencia e Investigacion Agraria";journal;"03045609";0,186;Q3;16;31;103;997;56;99;0,58;32,16;Chile;Latin America;"Pontificia Universidad Catolica de Chile, Facultad de Agronomia e Ingenieria Forestal";"1982, 2008-2019";"Agricultural and Biological Sciences (miscellaneous) (Q3)"
187;17600155203;"Acta Biologica Colombiana";journal;"0120548X, 19001649";0,184;Q3;12;50;139;2421;60;133;0,48;48,42;Colombia;Latin America;"Universidad Nacional de Colombia";"2008-2020";"Agricultural and Biological Sciences (miscellaneous) (Q3)"
188;21100815304;"African Journal of Food, Agriculture, Nutrition and Development";journal;"16845358, 16845374";0,184;Q3;8;64;225;2022;131;199;0,49;31,59;Kenya;Africa;"";"2016-2019";"Agricultural and Biological Sciences (miscellaneous) (Q3); Development (Q3); Food Science (Q4)"
189;21100901901;"Biological Communications";journal;"25875779, 25422154";0,184;Q3;3;7;52;250;23;49;0,47;35,71;Russian Federation;Eastern Europe;"Saint Petersburg State University";"2017-2019";"Agricultural and Biological Sciences (miscellaneous) (Q3); Biochemistry, Genetics and Molecular Biology (miscellaneous) (Q3)"
190;21100822732;"International Journal of Applied Science and Engineering";journal;"17277841, 17272394";0,182;Q3;4;13;33;299;23;33;0,59;23,00;Taiwan;Asiatic Region;"Chaoyang University of Technology";"2013, 2016-2019";"Engineering (miscellaneous) (Q2); Agricultural and Biological Sciences (miscellaneous) (Q3); Chemical Engineering (miscellaneous) (Q3); Control and Optimization (Q4); Numerical Analysis (Q4)"
191;21100385604;"Jordan Journal of Biological Sciences";journal;"19956673, 23077166";0,182;Q3;8;61;145;2300;85;141;0,55;37,70;Jordan;Middle East;"Hashemite University";"2014-2019";"Agricultural and Biological Sciences (miscellaneous) (Q3); Biochemistry, Genetics and Molecular Biology (miscellaneous) (Q3)"
192;21100285704;"Research for Rural Development";conference and proceedings;"16914031";0,182;-;8;83;248;1813;105;242;0,51;21,84;Latvia ;Eastern Europe;"";"16914031";"Agricultural and Biological Sciences (miscellaneous); Development; Food Science; Industrial and Manufacturing Engineering"
193;21100415616;"Sel'skokhozyaistvennaya Biologiya";journal;"23134836, 01316397";0,182;Q3;9;114;353;5067;236;353;0,65;44,45;Russian Federation;Eastern Europe;"Russian Academy of Agricultural Sciences";"2014-2019";"Agricultural and Biological Sciences (miscellaneous) (Q3)"
194;21100822819;"Vavilovskii Zhurnal Genetiki i Selektsii";journal;"25000462, 25003259";0,181;Q3;5;135;265;5068;110;255;0,43;37,54;Russian Federation;Eastern Europe;"Institute of Cytology and Genetics of Siberian Branch of the Russian Academy of Sciences";"2017-2019";"Agricultural and Biological Sciences (miscellaneous) (Q3); Biochemistry, Genetics and Molecular Biology (miscellaneous) (Q4)"
195;83082;"Historia Agraria";journal;"11391472";0,180;Q3;14;14;57;788;27;57;0,45;56,29;Spain;Western Europe;"Universitat Autonoma de Barcelona";"1998-2019";"History (Q2); Agricultural and Biological Sciences (miscellaneous) (Q3); Arts and Humanities (miscellaneous) (Q3); Geography, Planning and Development (Q3); Multidisciplinary (Q3)"
196;21100831411;"Journal of The Institution of Engineers (India): Series A";journal;"22502157, 22502149";0,178;Q3;8;76;184;2114;103;179;0,51;27,82;India;Asiatic Region;"Springer India";"2012-2020";"Architecture (Q2); Agricultural and Biological Sciences (miscellaneous) (Q3); Building and Construction (Q3); Mechanical Engineering (Q3); Civil and Structural Engineering (Q4)"
197;21100199540;"AAPP Atti della Accademia Peloritana dei Pericolanti, Classe di Scienze Fisiche, Matematiche e Naturali";journal;"03650359, 18251242";0,174;Q3;10;71;73;2716;29;72;0,43;38,25;Italy;Western Europe;"Accademia Peloritana dei Pericolanti";"2004-2019";"Agricultural and Biological Sciences (miscellaneous) (Q3); Chemistry (miscellaneous) (Q3); Computer Science (miscellaneous) (Q3); Earth and Planetary Sciences (miscellaneous) (Q3); History and Philosophy of Science (Q3); Mathematics (miscellaneous) (Q4); Physics and Astronomy (miscellaneous) (Q4)"
198;12000154552;"Idesia";journal;"00734675, 07183429";0,174;Q3;10;47;191;973;53;177;0,25;20,70;Chile;Latin America;"Universidad de Tarapaca";"2008-2019";"Agricultural and Biological Sciences (miscellaneous) (Q3); Agronomy and Crop Science (Q4)"
199;12000154412;"Acta Agriculturae Slovenica";journal;"18541941, 15819175";0,173;Q3;15;59;219;2322;89;219;0,29;39,36;Slovenia;Eastern Europe;"University of Ljubljana";"2008-2019";"Agricultural and Biological Sciences (miscellaneous) (Q3); Water Science and Technology (Q3)"
200;26891;"Mathematical Population Studies";journal;"08898480, 1547724X";0,172;Q3;20;25;48;669;18;43;0,55;26,76;United Kingdom;Western Europe;"Taylor and Francis Ltd.";"1987-2001, 2003-2020";"Agricultural and Biological Sciences (miscellaneous) (Q3); Demography (Q3); Geography, Planning and Development (Q3)"
201;6400153168;"OnLine Journal of Biological Sciences";journal;"16084217";0,172;Q3;13;32;131;1166;58;127;0,45;36,44;United States;Northern America;"Science Publications";"2007-2019";"Agricultural and Biological Sciences (miscellaneous) (Q3); Biochemistry, Genetics and Molecular Biology (miscellaneous) (Q4)"
202;21100202954;"Zhiwu Shengli Xuebao/Plant Physiology Journal";journal;"20951108";0,171;Q3;10;176;703;6100;314;703;0,47;34,66;China;Asiatic Region;"Plant Physiology and Plant Molecular Biology Institute of Chinese Academy of Sciences";"2011-2020";"Agricultural and Biological Sciences (miscellaneous) (Q3)"
203;21100378923;"Chilean Journal of Agricultural and Animal Sciences";journal;"07193882, 07193890";0,170;Q3;4;25;77;929;31;76;0,40;37,16;Chile;Latin America;"Universidad de Concepcion";"2014-2019";"Agricultural and Biological Sciences (miscellaneous) (Q3)"
204;12100155657;"Mundo Agrario";journal;"15155994";0,170;Q3;8;16;93;706;18;93;0,11;44,13;Argentina;Latin America;"Universidad Nacional de La Plata";"2008-2019";"History (Q2); Agricultural and Biological Sciences (miscellaneous) (Q3); Geography, Planning and Development (Q3); Industrial Relations (Q3); Urban Studies (Q3)"
205;5800179588;"Acta Universitatis Agriculturae et Silviculturae Mendelianae Brunensis";journal;"12118516";0,167;Q3;15;149;620;4741;253;620;0,41;31,82;Czech Republic;Eastern Europe;"Mendel University of Agriculture and Forestry Brno";"2007-2020";"Agricultural and Biological Sciences (miscellaneous) (Q3)"
206;21100268424;"Journal of Mathematical and Fundamental Sciences";journal;"23375760";0,166;Q3;10;23;72;643;54;72;0,88;27,96;Indonesia;Asiatic Region;"Institute for Research and Community Services, Institut Teknologi Bandung";"2011, 2013-2019";"Agricultural and Biological Sciences (miscellaneous) (Q3); Earth and Planetary Sciences (miscellaneous) (Q3); Multidisciplinary (Q3); Biochemistry, Genetics and Molecular Biology (miscellaneous) (Q4); Chemistry (miscellaneous) (Q4); Mathematics (miscellaneous) (Q4); Medicine (miscellaneous) (Q4); Physics and Astronomy (miscellaneous) (Q4)"
207;14200154728;"International Journal of Design and Nature and Ecodynamics";journal;"17557445, 17557437";0,165;Q3;13;25;155;679;77;154;0,53;27,16;United Kingdom;Western Europe;"International Information and Engineering Technology Association";"2008-2020";"Agricultural and Biological Sciences (miscellaneous) (Q3); Engineering (miscellaneous) (Q3); Environmental Science (miscellaneous) (Q3)"
208;4000151615;"Agriculturae Conspectus Scientificus";journal;"13317768, 13317776";0,164;Q3;17;50;164;1787;63;157;0,31;35,74;Croatia;Eastern Europe;"University of Zagreb";"2005-2020";"Agricultural and Biological Sciences (miscellaneous) (Q3); Earth and Planetary Sciences (miscellaneous) (Q3); Geophysics (Q4)"
209;21100877193;"Sarhad Journal of Agriculture";journal;"10164383, 22245383";0,157;Q3;2;135;117;4338;35;117;0,30;32,13;United Kingdom;Western Europe;"ResearchersLinks Ltd";"2018-2020";"Agricultural and Biological Sciences (miscellaneous) (Q3)"
210;21100367736;"Atti della Societa Toscana di Scienze Naturali, Memorie Serie A (discontinued)";journal;"03657655";0,156;Q4;9;0;22;0;8;22;0,31;0,00;Italy;Western Europe;"Societa toscana di scienze naturali";"2004-2017";"Earth and Planetary Sciences (miscellaneous) (Q3); Agricultural and Biological Sciences (miscellaneous) (Q4)"
211;19700188314;"Pertanika Journal of Science and Technology";journal;"01287680";0,156;Q4;12;166;558;5231;273;557;0,49;31,51;Malaysia;Asiatic Region;"Universiti Putra Malaysia";"2010-2020";"Environmental Science (miscellaneous) (Q3); Agricultural and Biological Sciences (miscellaneous) (Q4); Chemical Engineering (miscellaneous) (Q4); Computer Science (miscellaneous) (Q4)"
212;21100200406;"Tropical and Subtropical Agroecosystems";journal;"18700462";0,156;Q4;13;79;142;3343;60;141;0,33;42,32;Mexico;Latin America;"Universidad Autonoma de Yucatan";"2011-2019";"Agricultural and Biological Sciences (miscellaneous) (Q4); Ecology (Q4); Ecology, Evolution, Behavior and Systematics (Q4)"
213;19343;"Archives of Natural History";journal;"17556260, 02609541";0,155;Q4;7;31;103;1094;18;98;0,16;35,29;United Kingdom;Western Europe;"Edinburgh University Press";"1981-1983, 1985-1989, 1991-1992, 1994, 1996, 1998-2004, 2006, 2008-2019";"History (Q2); Anthropology (Q3); Agricultural and Biological Sciences (miscellaneous) (Q4)"
214;21100787661;"Asian Journal of Agriculture and Biology";journal;"23078553";0,155;Q4;7;72;128;2437;49;128;0,42;33,85;Pakistan;Asiatic Region;"Asian Journal of Agriculture and Biology";"2013-2020";"Agricultural and Biological Sciences (miscellaneous) (Q4); Biochemistry, Genetics and Molecular Biology (miscellaneous) (Q4); Medicine (miscellaneous) (Q4)"
215;21100229103;"Biharean Biologist";journal;"18435637, 20651155";0,155;Q4;7;28;101;833;36;101;0,26;29,75;Romania;Eastern Europe;"Editura Universitati din Oradea";"2012-2019";"Agricultural and Biological Sciences (miscellaneous) (Q4)"
216;21100773015;"2015 IEEE 7th International Conference on Engineering Education, ICEED 2015";conference and proceedings;"-";0,153;-;2;0;5;0;3;3;0,00;0,00;United States;Northern America;"";"";"Agricultural and Biological Sciences (miscellaneous); Biotechnology; Chemistry (miscellaneous); Computational Theory and Mathematics; Computer Vision and Pattern Recognition; Signal Processing"
217;145513;"Acta Scientiarum - Biological Sciences";journal;"16799283";0,153;Q4;22;46;179;1763;67;179;0,27;38,33;Brazil;Latin America;"Universidade Estadual de Maringa";"2003-2020";"Agricultural and Biological Sciences (miscellaneous) (Q4); Biochemistry, Genetics and Molecular Biology (miscellaneous) (Q4)"
218;3200147807;"Journal of Food, Agriculture and Environment (discontinued)";journal;"14590255, 14590263";0,152;Q4;32;0;107;0;38;107;0,34;0,00;Finland;Western Europe;"WFL Publisher Ltd.";"2006-2017";"Environmental Science (miscellaneous) (Q3); Agricultural and Biological Sciences (miscellaneous) (Q4); Food Science (Q4)"
219;21100809804;"Journal of Agriculture and Environment for International Development";journal;"22402802";0,151;Q4;4;0;65;0;34;65;0,43;0,00;Italy;Western Europe;"Italian Agency for Development Cooperation";"2016-2018";"Environmental Science (miscellaneous) (Q3); Agricultural and Biological Sciences (miscellaneous) (Q4); Development (Q4)"
220;87723;"Acta Biologica Szegediensis";journal;"15884082, 1588385X";0,150;Q4;25;11;51;425;22;51;0,52;38,64;Hungary;Eastern Europe;"University of Szeged";"1997-2019";"Agricultural and Biological Sciences (miscellaneous) (Q4); Biochemistry, Genetics and Molecular Biology (miscellaneous) (Q4)"
221;21100793737;"2016 International Conference on ICT for Smart Society, ICISS 2016";conference and proceedings;"-";0,149;-;4;0;23;0;31;22;0,00;0,00;United States;Northern America;"";"";"Agricultural and Biological Sciences (miscellaneous); Biotechnology; Computational Mathematics; Computer Science Applications; Genetics; Health Informatics; Medicine (miscellaneous)"
222;18200156705;"Polish Journal of Natural Sciences";journal;"16439953";0,146;Q4;9;30;152;1146;48;152;0,26;38,20;Germany;Western Europe;"De Gruyter Open Ltd.";"2009-2019";"Agricultural and Biological Sciences (miscellaneous) (Q4); Ecology (Q4)"
223;21100264507;"Revista Peruana de Biologia";journal;"17279933, 15610837";0,144;Q4;19;61;143;2102;33;142;0,23;34,46;Peru;Latin America;"Asociacion de Biologos de la Universidad Nacional Mayor de San Marcos";"1974, 1980, 1990, 1992, 1998-2019";"Agricultural and Biological Sciences (miscellaneous) (Q4)"
224;65672;"AMA, Agricultural Mechanization in Asia, Africa and Latin America";journal;"00845841";0,142;Q4;11;39;177;680;42;163;0,13;17,44;Japan;Asiatic Region;"Farm Machinery Industrial Research Corp.";"1982-1991, 1993-2019";"Engineering (miscellaneous) (Q3); Agricultural and Biological Sciences (miscellaneous) (Q4)"
225;14997;"International Agricultural Engineering Journal";journal;"08582114";0,140;Q4;13;179;402;4802;102;402;0,23;26,83;Thailand;Asiatic Region;"Asian Association For Agricultural Engineering";"1992, 1994-2019";"Agricultural and Biological Sciences (miscellaneous) (Q4); Mechanical Engineering (Q4)"
226;3100147503;"Bioscene";journal;"15392422";0,139;Q4;6;8;28;274;6;28;0,06;34,25;United States;Northern America;"Association of College and Univesity Biology Educators";"2004-2019";"Agricultural and Biological Sciences (miscellaneous) (Q4); Education (Q4)"
227;21100842861;"International Journal of Agricultural Management";journal;"20473710";0,139;Q4;3;6;52;194;18;50;0,36;32,33;United Kingdom;Western Europe;"Institute of Agricultural Management";"2017-2019";"Agricultural and Biological Sciences (miscellaneous) (Q4); Business, Management and Accounting (miscellaneous) (Q4); Economics and Econometrics (Q4); Geography, Planning and Development (Q4); Management, Monitoring, Policy and Law (Q4)"
228;23285;"Natures Sciences Societes";journal;"12401307, 17652979";0,138;Q4;16;11;131;334;15;112;0,14;30,36;France;Western Europe;"EDP Sciences";"1995-2019";"Multidisciplinary (Q3); Social Sciences (miscellaneous) (Q3); Agricultural and Biological Sciences (miscellaneous) (Q4); Biochemistry, Genetics and Molecular Biology (miscellaneous) (Q4); Earth and Planetary Sciences (miscellaneous) (Q4); Environmental Science (miscellaneous) (Q4)"
229;13592;"Theoretical Biology Forum";journal;"00356050";0,136;Q4;15;20;19;256;3;16;0,00;12,80;Italy;Western Europe;"Fabrizio Serra Editore";"1949-1994, 1996-2019";"Agricultural and Biological Sciences (miscellaneous) (Q4); Medicine (miscellaneous) (Q4)"
230;21100242840;"EurAsian Journal of BioSciences";journal;"13079867";0,135;Q4;7;311;87;7833;63;87;0,76;25,19;Turkey;Middle East;"Foundation for Enviromental Protection and Research";"2013-2020";"Agricultural and Biological Sciences (miscellaneous) (Q4); Biochemistry, Genetics and Molecular Biology (miscellaneous) (Q4); Environmental Science (miscellaneous) (Q4)"
231;8300153132;"American Journal of Agricultural and Biological Science (discontinued)";journal;"15574989";0,134;Q4;24;0;20;0;18;17;0,00;0,00;United States;Northern America;"Science Publications";"2007-2016";"Agricultural and Biological Sciences (miscellaneous) (Q4)"
232;5300152224;"Research Journal of Chemistry and Environment";journal;"09720626";0,134;Q4;16;207;362;5738;83;362;0,26;27,72;India;Asiatic Region;"International Congress of Chemistry and Environment";"2007-2020";"Agricultural and Biological Sciences (miscellaneous) (Q4); Biochemistry (Q4); Chemical Engineering (miscellaneous) (Q4); Chemistry (miscellaneous) (Q4); Earth and Planetary Sciences (miscellaneous) (Q4); Environmental Science (miscellaneous) (Q4); Renewable Energy, Sustainability and the Environment (Q4)"
233;21100200207;"Biologie in Unserer Zeit";journal;"0045205X, 1521415X";0,132;Q4;9;71;275;529;21;138;0,17;7,45;Germany;Western Europe;"Wiley-VCH Verlag";"1971-2020";"Agricultural and Biological Sciences (miscellaneous) (Q4)"
234;21100804428;"Environmental Engineering V - Proceedings of the 5th National Congress of Environmental Engineering";conference and proceedings;"-";0,132;-;4;0;46;0;15;44;0,34;0,00;United States;Northern America;"";"";"Agricultural and Biological Sciences (miscellaneous); Computer Networks and Communications; Computer Science Applications; Environmental Science (miscellaneous); Information Systems; Medicine (miscellaneous); Social Sciences (miscellaneous)"
235;96239;"Resource: Engineering and Technology for Sustainable World";trade journal;"10763333";0,132;Q4;9;67;91;14;23;91;0,30;0,21;United States;Northern America;"American Society of Agricultural and Biological Engineers";"1994-1997, 2001-2019";"Engineering (miscellaneous) (Q3); Agricultural and Biological Sciences (miscellaneous) (Q4); Biotechnology (Q4)"
236;21100871804;"Asia-Pacific Journal of Science and Technology";journal;"25396293";0,131;Q4;2;40;80;1039;14;80;0,18;25,98;Thailand;Asiatic Region;"Khon Kaen University,Research and Technology Transfer Affairs Division";"2017-2019";"Engineering (miscellaneous) (Q3); Agricultural and Biological Sciences (miscellaneous) (Q4); Medicine (miscellaneous) (Q4)"
237;23692;"Bulletin of the Kanagawa Prefectural Museum, Natural Science";journal;"04531906";0,131;Q4;5;16;34;216;5;33;0,14;13,50;Japan;Asiatic Region;"Kanagawa Prefectural Museum of Natural History";"1979-1980, 1984-1985, 1987, 1989-2019";"Agricultural and Biological Sciences (miscellaneous) (Q4)"
238;21100902947;"Proceedings of the Pakistan Academy of Sciences: Part B";conference and proceedings;"2518427X, 25184261";0,131;-;4;29;89;1188;39;72;0,63;40,97;Pakistan;Asiatic Region;"Pakistan Academy of Sciences";"2016-2019";"Agricultural and Biological Sciences (miscellaneous); Biochemistry, Genetics and Molecular Biology (miscellaneous); Environmental Science (miscellaneous)"
239;21100223541;"Malaysian Applied Biology";journal;"01268643";0,130;Q4;6;95;298;2672;69;279;0,22;28,13;Malaysia;Asiatic Region;"Malaysian Society of Applied Biology";"1980, 1986-1987, 2012-2019";"Agricultural and Biological Sciences (miscellaneous) (Q4)"
240;21100888108;"Journal of South China Agricultural University";journal;"1001411X";0,129;Q4;2;114;109;4350;26;109;0,24;38,16;China;Asiatic Region;"";"2018-2020";"Agricultural and Biological Sciences (miscellaneous) (Q4)"
241;21100456827;"CHILECON 2015 - 2015 IEEE Chilean Conference on Electrical, Electronics Engineering, Information and Communication Technologies, Proceedings of IEEE Chilecon 2015";conference and proceedings;"-";0,128;-;5;0;155;0;48;152;0,00;0,00;United States;Northern America;"";"";"Agricultural and Biological Sciences (miscellaneous); Modeling and Simulation; Safety, Risk, Reliability and Quality; Statistics and Probability; Strategy and Management"
242;101060;"Proceedings of the Royal Society of Queensland";journal;"0080469X";0,128;Q4;10;0;20;0;2;16;0,00;0,00;Australia;Pacific Region;"Royal Society of Queensland";"1978, 1982-1983, 1996, 1998-2000, 2002, 2004-2005, 2007-2011, 2013-2018";"Agricultural and Biological Sciences (miscellaneous) (Q4); Environmental Science (miscellaneous) (Q4)"
243;16228;"Asian Agri-History (discontinued)";journal;"09717730";0,127;Q4;12;0;10;0;2;5;0,00;0,00;India;Asiatic Region;"Asian Agri-History Foundation";"1998-2016";"Arts and Humanities (miscellaneous) (Q3); Agricultural and Biological Sciences (miscellaneous) (Q4); Geography, Planning and Development (Q4)"
244;21100856603;"Journal of Tekirdag Agricultural Faculty";journal;"13027050";0,127;Q4;2;20;92;625;18;92;0,20;31,25;Turkey;Middle East;"Namik Kemal University - Agricultural Faculty";"2017-2020";"Agricultural and Biological Sciences (miscellaneous) (Q4); Pollution (Q4)"
245;21100808405;"Tropicultura";journal;"07713312, 22958010";0,127;Q4;2;9;162;263;25;148;0,20;29,22;Belgium;Western Europe;"Agri-Overseas";"2016-2019";"Agricultural and Biological Sciences (miscellaneous) (Q4); Environmental Science (miscellaneous) (Q4)"
246;6400153133;"Monografies del Museu de Ciencies Naturals";journal;"16958950";0,125;Q4;2;0;1;0;0;1;0,00;0,00;Spain;Western Europe;"Masson Publishing";"2006-2007, 2009, 2011, 2016";"Agricultural and Biological Sciences (miscellaneous) (Q4)"
247;16629;"Textiles";journal;"03060748";0,125;Q4;1;0;1;0;0;1;0,00;0,00;Denmark;Western Europe;"Specialbladsforlaget";"1977, 1989-1996, 1998, 2000";"History (Q2); Industrial and Manufacturing Engineering (Q3); Agricultural and Biological Sciences (miscellaneous) (Q4); Business and International Management (Q4); Business, Management and Accounting (miscellaneous) (Q4)"
248;21100894498;"Vestnik Tomskogo Gosudarstvennogo Universiteta, Biologiya";journal;"23112077, 19988591";0,125;Q4;2;28;44;1128;10;44;0,23;40,29;Russian Federation;Eastern Europe;"Tomsk State University";"2018-2019";"Agricultural and Biological Sciences (miscellaneous) (Q4); Biochemistry (Q4); Environmental Science (miscellaneous) (Q4)"
249;21100840337;"Baghdad Science Journal";journal;"24117986, 20788665";0,123;Q4;4;134;167;3365;53;167;0,32;25,11;Iraq;Middle East;"University of Baghdad";"2017-2020";"Agricultural and Biological Sciences (miscellaneous) (Q4); Biochemistry, Genetics and Molecular Biology (miscellaneous) (Q4); Chemistry (miscellaneous) (Q4); Computer Science (miscellaneous) (Q4); Mathematics (miscellaneous) (Q4); Physics and Astronomy (miscellaneous) (Q4)"
250;21100872764;"International Journal of Sustainable Agricultural Management and Informatics";journal;"20545827, 20545819";0,123;Q4;4;21;57;666;13;53;0,21;31,71;United Kingdom;Western Europe;"Inderscience Enterprises Ltd";"2015-2019";"Agricultural and Biological Sciences (miscellaneous) (Q4); Business, Management and Accounting (miscellaneous) (Q4); Economics and Econometrics (Q4)"
251;21100865569;"Granja";journal;"13908596, 13903799";0,122;Q4;1;21;21;741;3;20;0,15;35,29;Ecuador;Latin America;"Universidad Politecnica Salesiana";"2018-2020";"Agricultural and Biological Sciences (miscellaneous) (Q4); Biochemistry, Genetics and Molecular Biology (miscellaneous) (Q4); Earth and Planetary Sciences (miscellaneous) (Q4); Environmental Science (miscellaneous) (Q4)"
252;21100868867;"African Journal of Agricultural and Resource Economics";journal;"19933738";0,119;Q4;1;21;25;696;5;25;0,20;33,14;Kenya;Africa;"African Association of Agricultural Economists";"2018-2019";"Agricultural and Biological Sciences (miscellaneous) (Q4); Economics and Econometrics (Q4)"
253;21100902543;"Science and Technology Asia";journal;"25869027, 25869000";0,119;Q4;2;33;32;812;5;32;0,16;24,61;Thailand;Asiatic Region;"Thammasat University";"2018-2019";"Agricultural and Biological Sciences (miscellaneous) (Q4); Mathematics (miscellaneous) (Q4); Multidisciplinary (Q4)"
254;19600157204;"Studia Universitatis Vasile Goldis Arad, Seria Stiintele Vietii";journal;"18427863, 15842363";0,118;Q4;6;16;87;558;16;87;0,13;34,88;Romania;Eastern Europe;"Vasile Goldis Western University of Arad";"2009-2019";"Agricultural and Biological Sciences (miscellaneous) (Q4); Biochemistry, Genetics and Molecular Biology (miscellaneous) (Q4); Environmental Science (miscellaneous) (Q4); Medicine (miscellaneous) (Q4)"
255;20100195016;"Asia Life Sciences";journal;"01173375";0,116;Q4;5;400;524;12286;32;524;0,06;30,72;Philippines ;Asiatic Region;"Asia Life Sciences";"2011-2012, 2016-2020";"Agricultural and Biological Sciences (miscellaneous) (Q4); Biochemistry, Genetics and Molecular Biology (miscellaneous) (Q4)"
256;21100264818;"Pakistan Journal of Scientific and Industrial Research Series B: Biological Sciences";journal;"22232567, 22216421";0,116;Q4;4;18;76;482;12;76;0,12;26,78;Pakistan;Asiatic Region;"PCSIR-Scientific Information Centre";"2011-2019";"Agricultural and Biological Sciences (miscellaneous) (Q4)"
257;21100901133;"International Journal on Emerging Technologies";journal;"09758364, 22493255";0,115;Q4;3;336;19;8862;13;19;0,68;26,38;India;Asiatic Region;"Research Trend";"2018-2020";"Agricultural and Biological Sciences (miscellaneous) (Q4); Engineering (miscellaneous) (Q4); Management of Technology and Innovation (Q4)"
258;21100782386;"Journal of Biology and Today's World (discontinued)";journal;"23223308, 24765376";0,113;Q4;5;0;76;0;25;75;0,32;0,00;United Arab Emirates;Middle East;"Lexis Publisher";"2016-2017";"Agricultural and Biological Sciences (miscellaneous) (Q4); Biochemistry, Genetics and Molecular Biology (miscellaneous) (Q4); Medicine (miscellaneous) (Q4)"
259;21100889412;"Agraarteadus";journal;"10240845, 22284893";0,112;Q4;1;19;13;455;2;13;0,15;23,95;Estonia;Eastern Europe;"Estonian Academic Agricultural Society";"2018-2019";"Agricultural and Biological Sciences (miscellaneous) (Q4); Environmental Science (miscellaneous) (Q4); Nature and Landscape Conservation (Q4)"
260;12100157137;"Monografies de la Societat d'Historia Natural de les Balears";book series;"16965426";0,112;Q4;6;0;47;0;6;44;0,07;0,00;Spain;Western Europe;"";"2005, 2010-2012, 2015-2017";"Agricultural and Biological Sciences (miscellaneous) (Q4)"
261;21100891177;"Reviews in Agricultural Science";journal;"2187090X";0,112;Q4;2;9;10;785;5;10;0,50;87,22;Japan;Asiatic Region;"Gifu University - United Graduate School of Agricultural Science";"2018-2020";"Agricultural and Biological Sciences (miscellaneous) (Q4)"
262;21100817647;"Landscape Architecture and Art";journal;"22558640, 22558632";0,110;Q4;1;1;51;18;5;50;0,08;18,00;Latvia ;Eastern Europe;"Latvia University of Life Sciences and Technologies";"2016-2019";"Visual Arts and Performing Arts (Q3); Agricultural and Biological Sciences (miscellaneous) (Q4); Geography, Planning and Development (Q4); Nature and Landscape Conservation (Q4)"
263;64631;"Cientifica";journal;"01000039, 19845529";0,109;Q4;1;50;53;1557;5;53;0,09;31,14;Brazil;Latin America;"Universidade Estadual Paulista - UNESP";"1981-1982, 2018-2019";"Agricultural and Biological Sciences (miscellaneous) (Q4); Environmental Science (miscellaneous) (Q4)"
264;21100902105;"International Journal of Agricultural Technology";journal;"26300192";0,109;Q4;2;86;194;2100;11;194;0,06;24,42;Thailand;Asiatic Region;"";"2018-2020";"Agricultural and Biological Sciences (miscellaneous) (Q4)"
265;19700174647;"Journal of Applied Biological Sciences (discontinued)";journal;"21460108, 13071130";0,109;Q4;9;0;50;0;7;50;0,13;0,00;Turkey;Middle East;"Nobel Science and Research Center";"2009-2017";"Agricultural and Biological Sciences (miscellaneous) (Q4); Biochemistry, Genetics and Molecular Biology (miscellaneous) (Q4); Environmental Science (miscellaneous) (Q4)"
266;21100901171;"Journal of Agricultural Sciences - Sri Lanka";journal;"13919318, 23861363";0,108;Q4;1;23;22;550;1;20;0,05;23,91;Sri Lanka;Asiatic Region;"Faculty of Agricultural Sciences, Sabaragamuwa University of Sri Lanka";"2018-2020";"Agricultural and Biological Sciences (miscellaneous) (Q4)"
267;21100211302;"Pakistan Journal of Life and Social Sciences";journal;"22217630, 17274915";0,108;Q4;8;3;73;102;12;73;0,12;34,00;Pakistan;Asiatic Region;"Elite Scientific Forum";"2012-2019";"Agricultural and Biological Sciences (miscellaneous) (Q4); Biochemistry, Genetics and Molecular Biology (miscellaneous) (Q4); Environmental Science (miscellaneous) (Q4); Medicine (miscellaneous) (Q4); Social Sciences (miscellaneous) (Q4)"
268;13673;"Biologist";journal;"25165151, 00063347";0,106;Q4;21;46;75;172;2;4;0,50;3,74;United Kingdom;Western Europe;"Institute of Biology";"1988, 1991-2019";"Agricultural and Biological Sciences (miscellaneous) (Q4)"
269;21100935800;"Indonesian Journal of Biotechnology";journal;"20892241, 08538654";0,106;Q4;1;8;16;285;6;16;0,38;35,63;Indonesia;Asiatic Region;"Universitas Gadjah Mada, Research Center for Biotechnology";"2018-2019";"Agricultural and Biological Sciences (miscellaneous) (Q4); Biotechnology (Q4); Environmental Science (miscellaneous) (Q4); Food Science (Q4)"
270;21100197336;"Agricultural Commodities";trade journal;"18395619";0,105;Q4;10;0;143;0;4;143;0,02;0,00;Australia;Pacific Region;"Australian Bureau of Agricultural and Resource Economics";"2011-2018";"Agricultural and Biological Sciences (miscellaneous) (Q4); Business and International Management (Q4)"
271;21100902626;"Current Applied Science and Technology";journal;"25869396";0,105;Q4;1;21;49;645;3;49;0,06;30,71;Thailand;Asiatic Region;"King Mongkut's Institute of Technology Ladkrabang";"2017-2020";"Agricultural and Biological Sciences (miscellaneous) (Q4); Agronomy and Crop Science (Q4); Biotechnology (Q4); Environmental Engineering (Q4)"
272;17500155122;"International Journal of Integrative Biology (discontinued)";journal;"09738363, 09742816";0,105;Q4;21;0;5;0;1;5;0,00;0,00;India;Asiatic Region;"Omics Publishing Group";"2008-2017";"Agricultural and Biological Sciences (miscellaneous) (Q4); Biochemistry, Genetics and Molecular Biology (miscellaneous) (Q4); Earth and Planetary Sciences (miscellaneous) (Q4); Environmental Science (miscellaneous) (Q4); Neuroscience (miscellaneous) (Q4)"
273;16501;"Pakistan Textile Journal";trade journal;"00482757";0,105;Q4;5;19;91;30;1;85;0,00;1,58;Pakistan;Asiatic Region;"";"1993-1994, 1996, 2005-2019";"Agricultural and Biological Sciences (miscellaneous) (Q4); Business and International Management (Q4); Industrial and Manufacturing Engineering (Q4); Materials Science (miscellaneous) (Q4)"
274;16154;"Annals of Agri Bio Research";journal;"09719660";0,104;Q4;6;47;175;1045;11;175;0,04;22,23;India;Asiatic Region;"Agri. Bio. Publishers";"2004-2019";"Agricultural and Biological Sciences (miscellaneous) (Q4)"
275;15412;"Biofutur";journal;"02943506";0,104;Q4;9;0;202;0;4;108;0,04;0,00;France;Western Europe;"Lavoisier";"1989-2018";"Agricultural and Biological Sciences (miscellaneous) (Q4); Biochemistry, Genetics and Molecular Biology (miscellaneous) (Q4)"
276;14394;"Etudes Rurales";journal;"00142182";0,104;Q4;10;19;72;645;4;71;0,05;33,95;France;Western Europe;"Editions EHESS: Ecole des Hautes Etudes en Sciences Sociales";"1973, 1978-1984, 1989-1990, 1992-1996, 1999-2019";"History (Q3); Agricultural and Biological Sciences (miscellaneous) (Q4); Economics and Econometrics (Q4); Geography, Planning and Development (Q4)"
277;13016;"Annals of Biology";journal;"09700153";0,103;Q4;6;64;197;1345;10;197;0,04;21,02;India;Asiatic Region;"Agri. Bio. Publishers";"1973-1975, 1981, 1987-1997, 2003-2019";"Agricultural and Biological Sciences (miscellaneous) (Q4)"
278;17311;"Natur und Recht";journal;"14390515, 01721631";0,103;Q4;7;60;381;0;8;349;0,03;0,00;Germany;Western Europe;"Springer Verlag";"1980, 1997-1998, 2004-2020";"Agricultural and Biological Sciences (miscellaneous) (Q4); Environmental Science (miscellaneous) (Q4)"
279;100922;"Asian Textile Journal";trade journal;"09713425";0,102;Q4;9;32;16;436;0;12;0,00;13,63;India;Asiatic Region;"G P S Kwatra";"1992-2013, 2018-2020";"Agricultural and Biological Sciences (miscellaneous) (Q4); Business and International Management (Q4); Business, Management and Accounting (miscellaneous) (Q4); Industrial and Manufacturing Engineering (Q4)"
280;21100777171;"2016 Asia-Pacific Magnetic Recording Conference, APMRC 2016";conference and proceedings;"-";0,101;-;1;0;38;0;0;37;0,00;0,00;United States;Northern America;"";"";"Agricultural and Biological Sciences (miscellaneous); Nature and Landscape Conservation; Public Administration"
281;15944;"Indian Journal of Sericulture";trade journal;"04457722";0,101;Q4;10;0;22;0;0;22;0,00;0,00;India;Asiatic Region;"Central Sericultural Research and Training Institute";"1992-2017";"Agricultural and Biological Sciences (miscellaneous) (Q4); Business and International Management (Q4)"
282;19900191726;"Journal of Taiwan Agricultural Engineering";journal;"02575744";0,101;Q4;3;21;80;293;4;80;0,06;13,95;Taiwan;Asiatic Region;"Taiwan Agricultural Engineers Society
";"2011-2019";"Agricultural and Biological Sciences (miscellaneous) (Q4); Engineering (miscellaneous) (Q4)"
283;78887;"Paper - American Society of Agricultural Engineers";conference and proceedings;"01450166";0,101;-;8;0;23;0;0;23;0,00;0,00;United States;Northern America;"";"1450166";"Agricultural and Biological Sciences (miscellaneous)"
284;13162;"Terra";journal;"00403741";0,101;Q4;7;22;31;770;2;18;0,11;35,00;Finland;Western Europe;"Geographical Society of Finland";"1978-2015, 2017-2019";"Agricultural and Biological Sciences (miscellaneous) (Q4); Earth and Planetary Sciences (miscellaneous) (Q4); Geography, Planning and Development (Q4); Water Science and Technology (Q4)"
285;15955;"Indian Silk";trade journal;"00196355";0,100;Q4;5;7;86;0;0;86;0,00;0,00;India;Asiatic Region;"Central Silk Board";"1993-2019";"Agricultural and Biological Sciences (miscellaneous) (Q4); Business and International Management (Q4); Industrial and Manufacturing Engineering (Q4)"
286;21100901906;"Applied Environmental Biotechnology";journal;"23826436, 24249092";;-;1;13;0;613;0;0;0,00;47,15;Singapore;Asiatic Region;"Urban Development Scientific Publishing Pte. Ltd.";"2019";"Agricultural and Biological Sciences (miscellaneous); Biotechnology; Environmental Chemistry; Environmental Engineering"
287;21100928679;"Arctic Science";journal;"23687460";;-;1;15;0;852;0;0;0,00;56,80;Canada;Northern America;"Canadian Science Publishing (Ottawa, Canada)";"2019-2020";"Agricultural and Biological Sciences (miscellaneous); Earth and Planetary Sciences (miscellaneous); Environmental Science (miscellaneous)"
288;21100915634;"Biomath";journal;"13147218, 1314684X";;-;0;11;0;523;0;0;0,00;47,55;Bulgaria;Eastern Europe;"";"2019-2020";"Agricultural and Biological Sciences (miscellaneous); Applied Mathematics; Biochemistry, Genetics and Molecular Biology (miscellaneous)"
289;21100913647;"Caspian Journal of Environmental Sciences";journal;"17353033, 17353866";;-;1;31;0;1260;0;0;0,00;40,65;Iran;Middle East;"University of Guilan";"2019";"Agricultural and Biological Sciences (miscellaneous); Ecology, Evolution, Behavior and Systematics; Environmental Science (miscellaneous)"
290;21100967064;"Defence Life Science Journal";journal;"24560537";;-;1;37;0;1238;0;0;0,00;33,46;India;Asiatic Region;"Defence Scientific Information &amp; Documentation Centre (DESIDOC)";"2019-2020";"Agricultural and Biological Sciences (miscellaneous); Biochemistry, Genetics and Molecular Biology (miscellaneous); Pharmacology, Toxicology and Pharmaceutics (miscellaneous)"
291;21100944136;"International Journal of Current Research and Review";journal;"09755241, 22312196";;-;0;59;0;1328;0;0;0,00;22,51;India;Asiatic Region;"Radiance Research Academy";"2014, 2019-2020";"Agricultural and Biological Sciences (miscellaneous); Biochemistry, Genetics and Molecular Biology (miscellaneous)"
292;21100926588;"Journal of Agricultural Resources and Environment";journal;"20956819";;-;1;96;0;3072;0;0;0,00;32,00;China;Asiatic Region;"Editorial Department of Journal of Agricultural Resources and Environment";"2019-2020";"Agricultural and Biological Sciences (miscellaneous); Environmental Science (miscellaneous)"
293;21100905384;"Journal of Microbiology and Biology Education";journal;"19357877, 19357885";;-;4;158;0;3109;0;0;0,00;19,68;United States;Northern America;"American Society for Microbiology";"2019";"Agricultural and Biological Sciences (miscellaneous); Biochemistry, Genetics and Molecular Biology (miscellaneous); Education; Immunology and Microbiology (miscellaneous) "
294;21100934558;"Journal of Nanjing Agricultural University";journal;"10002030";;-;1;130;0;3613;0;0;0,00;27,79;China;Asiatic Region;"Editorial Department of Journal of Nanjing Agricultural University";"2019-2020";"Agricultural and Biological Sciences (miscellaneous); Biochemistry, Genetics and Molecular Biology (miscellaneous); Environmental Science (miscellaneous)"
295;21100922616;"Pesticide Research Journal";journal;"2249524X, 09706763";;-;0;41;0;833;0;0;0,00;20,32;India;Asiatic Region;"Society of Pesticide Science India";"2019";"Agricultural and Biological Sciences (miscellaneous); Agronomy and Crop Science; Biochemistry; Biotechnology; Food Science; Pollution"
296;21100903449;"Revista de la Academia Colombiana de Ciencias Exactas, Fisicas y Naturales";journal;"23824980, 03703908";;-;1;47;0;1397;0;0;0,00;29,72;Colombia;Latin America;"Colombian Academy of Exact, Physical and Natural Sciences";"2019";"Agricultural and Biological Sciences (miscellaneous); Biochemistry, Genetics and Molecular Biology (miscellaneous); Chemistry (miscellaneous); Earth and Planetary Sciences (miscellaneous); Energy (miscellaneous); History and Philosophy of Science; Mathematics (miscellaneous); Physics and Astronomy (miscellaneous)"
297;21100920048;"Uchenye Zapiski Kazanskogo Universiteta. Seriya Estestvennye Nauki";journal;"2542064X, 2500218X";;-;0;25;0;683;0;0;0,00;27,32;Russian Federation;Eastern Europe;"Kazan Federal University";"2019";"Agricultural and Biological Sciences (miscellaneous); Biochemistry, Genetics and Molecular Biology (miscellaneous); Chemistry (miscellaneous); Earth and Planetary Sciences (miscellaneous)"
298;21100931880;"Uniciencia";journal;"22153470";;-;1;16;0;472;0;0;0,00;29,50;Costa Rica;Latin America;"Universidad Nacional";"2019-2020";"Agricultural and Biological Sciences (miscellaneous); Biochemistry, Genetics and Molecular Biology (miscellaneous); Chemistry (miscellaneous); Computer Science (miscellaneous); Earth and Planetary Sciences (miscellaneous); Mathematics (miscellaneous); Physics and Astronomy (miscellaneous); Social Sciences (miscellaneous)"
