Titulo;Fecha;URL
CIEMAT y la Clínica Universidad de Navarra ponen en marcha la primera investigación española sobre los efectos biológicos de la protonterapia y el tratamiento combinado con inmunoterapia;2020-10-28;http://www.ciemat.es/recursos/notasPrensa/243230080_2110202075027.pdf
"Juan Bueren participa en el ""Informe Anticipando"" de la Fundación Roche sobre enfermedades graves sin tratamiento a día de hoy";2020-09-10;http://www.ciemat.es/recursos/notasPrensa/1642530428_109202014431.pdf
"Primera evidencia de que el bosón de Higgs interactúa con la ""segunda generación"" de partículas";2020-09-08;http://www.ciemat.es/recursos/notasPrensa/146922643_79202011125.pdf
El telescopio LST1, prototipo de CTA, detecta emisión de rayos gamma de muy alta energía del púlsar del Cangrejo;2020-06-22;http://www.ciemat.es/recursos/notasPrensa/1199994324_226202011048.pdf
La comunidad científica de física de partículas actualiza su estrategia para el futuro;2020-06-19;http://www.ciemat.es/recursos/notasPrensa/1318589398_2262020124017.pdf
El Ministerio de Ciencia e Innovación y el CIEMAT aportan 16,3 millones para impulsar la candidatura española al IFMIF-DONES;2020-06-09;http://www.ciemat.es/recursos/notasPrensa/1803042814_106202092138.pdf
CSN, Ciemat y Universidad de Granada celebran su primera reunión del grupo de trabajo del proyecto de investigación IFMIF-DONES;2020-06-05;http://www.ciemat.es/recursos/notasPrensa/1886297865_562020142113.pdf
El Consejo de Ministros autoriza la creación de un consorcio para impulsar la candidatura al IFMIF-DONES en Granada;2020-05-26;http://www.ciemat.es/recursos/notasPrensa/1200657590_26520201801.pdf
Un producto que combina edición genómica y bioingeniería tisular, designado medicamento huérfano para la piel de mariposa;2020-05-07;http://www.ciemat.es/recursos/notasPrensa/989038012_752020102433.pdf
La Colaboración Internacional MVM crea un ventilador innovador, sencillo y de respuesta suave para uso en UCI frente a la escasez debida a Covid-19;2020-04-24;http://www.ciemat.es/recursos/notasPrensa/159581877_2442020101738.pdf
La Fundación Biodiversidad concede una ayuda a la Unidad de Modelización y Ecotoxicología de la Contaminación Atmosférica del CIEMAT para la realización del proyecto MODICO.;2020-02-03;http://www.ciemat.es/recursos/notasPrensa/1503866026_322020152348.pdf
Investigadores españoles descubren una conexión entre los gliomas y las enfermedades neurodegenerativas;2020-01-23;http://www.ciemat.es/recursos/notasPrensa/928414711_2112020112129.pdf
Renovación de la Unidad Mixta UC3M-CIEMAT en Ingeniería Biomédica;2020-01-10;http://www.ciemat.es/recursos/notasPrensa/1082167032_1012020101837.pdf
Primeros resultados de éxito en la terapia génica de un paciente con la inmunodeficiencia LAD-I;2019-12-19;http://www.ciemat.es/recursos/notasPrensa/191835393_19122019103932.pdf
Superando los liìmites: descubrimiento de fotones de alta energiìa provenientes de un brote de rayos gamma;2019-11-21;http://www.ciemat.es/recursos/notasPrensa/2058149035_2111201915515.pdf
DESI abre sus 5.000 ojos para capturar los colores del cosmos;2019-10-29;http://www.ciemat.es/recursos/notasPrensa/209305678_291020198647.pdf
El Dark Energy Survey hace público el mayor catálogo de enanas marrones hecho hasta la fecha;2019-10-23;http://www.ciemat.es/recursos/notasPrensa/175670732_2310201911203.pdf
Proponen una innovadora estrategia de edición génica para tratar la anemia de Fanconi en un estudio preclínico;2019-09-19;http://www.ciemat.es/recursos/notasPrensa/591285105_20920199227.pdf
Un ensayo clínico de terapia génica para pacientes con anemia de Fanconi ofrece sus primeros resultados de éxito;2019-09-10;http://www.ciemat.es/recursos/notasPrensa/255899490_109201992422.pdf
Un nuevo tratamiento remite el cáncer de vejiga en ratones;2019-07-04;http://www.ciemat.es/recursos/notasPrensa/1534372951_47201913250.pdf
Edición genómica para la epidermólisis bullosa: un poco más cerca de la clínica;2019-04-08;http://www.ciemat.es/recursos/notasPrensa/1129687753_842019102749.pdf
CIEMAT, CDTI y CERN colaboran en la investigación;2019-03-26;http://www.ciemat.es/recursos/notasPrensa/1853771968_263201913220.pdf
Firma del convenio de colaboración CIEMAT-UGR;2019-01-30;http://www.ciemat.es/recursos/notasPrensa/822364814_3012019123243.pdf
El Gobierno estabiliza 1.500 plazas en los organismos de investigación, el 10% de su plantilla;2019-01-25;http://www.ciemat.es/recursos/notasPrensa/1289665411_28120199417.pdf
El Dark Energy Survey completa su objetivo en seis años;2019-01-09;http://www.ciemat.es/recursos/notasPrensa/1670145277_912019115822.pdf
Comunicado conjunto del Ayuntamiento de Cuevas del Almanzora y el CIEMAT;2018-10-26;http://www.ciemat.es/recursos/notasPrensa/1431959562_291020189432.pdf
La Comisión Ejecutiva de IFMIF-DONES acuerda la creación de una oficina para impulsar la candidatura española;2018-10-04;http://www.ciemat.es/recursos/notasPrensa/1131416457_410201814246.pdf
El Gobierno aprueba el nombramiento de Carlos Alejaldre como director general del CIEMAT;2018-09-21;http://www.ciemat.es/recursos/notasPrensa/123989937_2192018134359.pdf
Virginia Barcones destaca la importancia de los recursos endógenos, como la biomasa, para luchar contra la despoblación;2018-09-13;http://www.ciemat.es/recursos/notasPrensa/507895171_14920188445.pdf
España presenta el proyecto IFMIF-DONES en el Foro de Estrategia Europea sobre Investigación;2018-09-12;http://www.ciemat.es/recursos/notasPrensa/2026233482_1292018143640.pdf
IFMIF-Dones, declarada infraestructura de investigación estratégica para Europa;2018-07-03;http://www.ciemat.es/recursos/notasPrensa/1723792903_372018132827.pdf
España y Croacia impulsan la candidatura de Granada para albergar el IFMIF-Dones;2018-06-20;http://www.ciemat.es/recursos/notasPrensa/572272836_2562018162343.pdf
Presentación de resultados de un ensayo clínico sobre Anemia de Fanconi en Chicago;2018-05-21;http://www.ciemat.es/recursos/notasPrensa/381724245_2152018134714.pdf
Mario Pérez, nuevo director ejecutivo de ESS Bilbao;2018-02-21;http://www.ciemat.es/recursos/notasPrensa/1402351703_26220181156.pdf
Los alumnos del Infantes de Lara celebran en el CEDER de Lubia el Día Internacional de la Mujer y de la Niña en la Ciencia;2018-02-12;http://www.ciemat.es/recursos/notasPrensa/417563297_1422018112511.pdf
El Dark Energy Survey hace públicos los datos de sus tres primeros años;2018-01-11;http://www.ciemat.es/recursos/notasPrensa/765762511_111201884434.pdf
El CEDER de Lubia acerca mañana la ciencia a alumnos de bachillerato;2017-10-17;http://www.ciemat.es/recursos/notasPrensa/823685718_1710201716281.pdf
Científicos detectan la contrapartida óptica de las últimas ondas gravitacionales de LIGO-Virgo;2017-10-16;http://www.ciemat.es/recursos/notasPrensa/2074840946_1610201716610.pdf
Exploración del Universo a las más Altas Energías;2017-09-28;http://www.ciemat.es/recursos/notasPrensa/1754682260_28920179204.pdf
Investigador de la PSA obtiene sobresaliente Cum Laude;2017-09-14;http://www.ciemat.es/recursos/notasPrensa/1374861062_149201792135.pdf
Noelia Uribe, del CEDER-CIEMAT, obtiene sobresaliente cum laude en su tesis doctoral en el ámbito de las redes eléctricas inteligentes;2017-08-23;http://www.ciemat.es/recursos/notasPrensa/2100461902_238201794532.pdf
El CEDER-CIEMAT realiza ensayos de certificación de aerogeneradores a la empresa española ENAIR;2017-08-16;http://www.ciemat.es/recursos/notasPrensa/1040252318_1682017134128.pdf
El Dark Energy Survey publica la medida más precisa de la estructura de la materia oscura en el universo;2017-08-04;http://www.ciemat.es/recursos/notasPrensa/675528563_4820177580.pdf
El CEDER-CIEMAT presente en el Seminario Iberoamericano sobre Hidroenergía en Pequeña Escala celebrado en Perú;2017-08-02;http://www.ciemat.es/recursos/notasPrensa/616289524_38201785658.pdf
Estudiantes universitarios realizan sus prácticas de verano en el Céder de Lubia;2017-07-29;http://www.ciemat.es/recursos/notasPrensa/1285727082_18201781822.pdf
Investigadores del Céder de Lubia participan en la actualidad en seis proyectos europeos del programa Horizonte 2020;2017-07-12;http://www.ciemat.es/recursos/notasPrensa/1917799519_127201714119.pdf
Investigadores del CEDER-CIEMAT participan en la 25ª edición de la Conferencia Europa de Biomasa celebrada en Estocolmo del 12 al 15 de junio;2017-06-22;http://www.ciemat.es/recursos/notasPrensa/1057432532_226201714303.pdf
Dos unidades de investigaciópn del CEDER-CIEMAT obtienen el reconocimiento de Unidad de Investigación Consolidada de Castilla y León;2017-06-16;http://www.ciemat.es/recursos/notasPrensa/104922566_1662017133822.pdf
El CEDER de Lubia colabora con el Máster de Traducción Profesional e Institucional de la Universidad de Valladolid en Soria;2017-06-08;http://www.ciemat.es/recursos/notasPrensa/408845197_86201711538.pdf
El CEDER de Lubia, sede de un ejercicio comparativo de instrumentación de medida de contaminación atmosférica;2017-03-29;http://www.ciemat.es/recursos/notasPrensa/49707492_29320171270.pdf
El Céder de Lubia recibe a la Mancomunidad de los 150 Pueblos;2017-02-15;http://www.ciemat.es/recursos/notasPrensa/865245463_1522017153441.pdf
Científicos del CIEMAT/CIBERONC utilizan nuevas tecnologías para identificar genes causantes del cáncer de mama;2017-01-26;http://www.ciemat.es/recursos/notasPrensa/353206839_2612017104533.pdf
Científicos españoles crean una bioimpresora 3D de piel humana;2017-01-23;http://www.ciemat.es/recursos/notasPrensa/1075485904_2312017113059.pdf
La Unidad de Biomasa del CEDER-CIEMAT participará en otro gran proyecto de investigación con financiación europea;2016-12-30;http://www.ciemat.es/recursos/notasPrensa/1208846520_30122016131228.pdf
El CIEMAT acoge la primera reunión internacional de pacientes con la enfermedad rara paquioniquia;2016-10-21;http://www.ciemat.es/recursos/notasPrensa/701792998_2110201685038.pdf
"Simposio Internacional ""Enfermedades raras de la piel: de la clínica al gen y viceversa""";2016-10-19;http://www.ciemat.es/recursos/notasPrensa/2126022261_1910201611019.pdf
La comisión encargada de impulsar la candidatura española al IFMIF-Dones se reúne en Madrid;2016-09-22;http://www.ciemat.es/recursos/notasPrensa/1462108910_2292016112522.pdf
EL CIEMAT, EL CENTRO COMUNITARIO DE SANGRE Y TEJIDOS DE ASTURIAS (CCSTA) Y EL HOSPITAL DE GETAFE REALIZARON HACE CATORCE AÑOS EL PRIMER TRASPLANTE DE PIEL ARTIFICIAL EN GRANDES QUEMADOS;2016-07-13;http://www.ciemat.es/recursos/notasPrensa/818010999_1372016153724.pdf
Investigadores del CEDER-CIEMAT presentan resultados de sus investigaciones en congresos internacionales;2016-06-16;http://www.ciemat.es/recursos/notasPrensa/1877877132_1662016131349.pdf
Los Directores Generales de la Guardia Civil y del Centro de Investigaciones Energéticas, Medioambientales y Tecnológicas firman un acuerdo en materia de defensa NRBQ;2016-06-01;http://www.ciemat.es/recursos/notasPrensa/1311289791_162016171425.pdf
Un vector lentiviral para tratar la anemia de Fanconi es declarado medicamento huérfano en Estados Unidos;2016-05-17;http://www.ciemat.es/recursos/notasPrensa/785635143_175201612748.pdf
Un vector de terapia génica para tratar la deficiencia en piruvato quinasa es declarado medicamento huérfano en Estados Unidos;2016-04-05;http://www.ciemat.es/recursos/notasPrensa/886056223_542016115142.pdf
Expertos internacionales explican sus avances en terapia génica para tratar enfermedades hematológicas;2016-02-08;http://www.ciemat.es/recursos/notasPrensa/1250750008_822016123859.pdf
Presentación en Miraflores de la Sierra del Estudio del potencial fotovoltaico del municipio;2016-01-26;http://www.ciemat.es/recursos/notasPrensa/267194921_2612016105514.pdf
El CEDER de Lubia celebró en costa Rica la tercera edición del Congreso Iberoamericano sobre Microrredes con generación distribuida de renovables;2015-12-14;http://www.ciemat.es/recursos/notasPrensa/1215890362_14122015113446.pdf
Demostración de desbroce, empacado y valorización energética de matorral en el CEDER-CIEMAT con maquinaria innovadora;2015-11-16;http://www.ciemat.es/recursos/notasPrensa/606606039_1611201516834.pdf
"Estreno de la película ""El Mundo Anillo. Viaje a un exoplaneta"" en el Planetario CETA-CIEMAT";2015-10-16;http://www.ciemat.es/recursos/notasPrensa/522381137_16102015121946.pdf
Significativa participación del CEDER de Lubia en Expobiomasa 2015;2015-10-01;http://www.ciemat.es/recursos/notasPrensa/175713480_1102015123234.pdf
El Céder de Lubia invierte 120.000 euros  en  un nuevo equipo para la investigación en biomasa;2015-09-25;http://www.ciemat.es/recursos/notasPrensa/2142639280_289201512726.pdf
Eclipse total de superluna;2015-09-24;http://www.ciemat.es/recursos/notasPrensa/1413022587_259201592516.pdf
"""El Mundo Anillo. Viaje a un exoplaneta"", próximamente en su sala favorita";2015-07-29;http://www.ciemat.es/recursos/notasPrensa/988379663_2972015114041.pdf
España acogerá el Observatorio Norte de CTA en la isla de La Palma;2015-07-16;http://www.ciemat.es/recursos/notasPrensa/2300871_167201514127.pdf
"Nota de Prensa ""Primera luz para la cámara PAU""";2015-06-08;http://www.ciemat.es/recursos/notasPrensa/857646278_86201513124.pdf
Cubasolar visita el CEDER de Lubia para conocer los avances en materia de energías renovables con los que se trabaja en España;2015-05-12;http://www.ciemat.es/recursos/notasPrensa/785699412_13520159531.pdf
El CIEMAT alcanza un acuerdo para potenciar la presencia española en el CERN;2015-03-06;http://www.ciemat.es/recursos/notasPrensa/977765454_63201510199.pdf
ALINNE analiza el presente y futuro tecnológico del sector energético en España;2015-01-29;http://www.ciemat.es/recursos/notasPrensa/1521386244_2912015125640.pdf
Visita de la Excma. Sra. Dña. Busaya Mathelin, embajadora del Reino de Tailandia, al CEDER-CIEMAT;2015-01-19;http://www.ciemat.es/recursos/notasPrensa/1072831325_201201582018.pdf
La Comisión Europea designa un medicamento huérfano de terapia génica para el tratamiento de la Deficiencia en Piruvato Quinasa;2014-12-19;http://www.ciemat.es/recursos/notasPrensa/1345942118_19122014131417.pdf
El Gobierno de España y la Universidad de Valladolid firman los convenios para la creación de tres unidades mixtas de investigación;2014-12-17;http://www.ciemat.es/recursos/notasPrensa/984435163_17122014163427.pdf
Alcobendas participa en un proyecto europeo para reducir la contaminación atmosférica;2014-12-09;http://www.ciemat.es/recursos/notasPrensa/1010194245_1012201412247.pdf
El CEDER colaborará con Copiso y Purines Almazán en un proyecto sobre crecimiento del chopo para biomasa utilizando purines como fertilizante;2014-11-26;http://www.ciemat.es/recursos/notasPrensa/1375381199_261120149523.pdf
La Universidad Carlos III, la Fundación Jiménez Díaz y el CIEMAT crean una Cátedra de Medicina Regenerativa y Bioingeniería de Tejidos;2014-11-21;http://www.ciemat.es/recursos/notasPrensa/1267692601_2111201413444.pdf
La gran nube europea de computación científica, en Extremadura;2014-11-19;http://www.ciemat.es/recursos/notasPrensa/1843859344_19112014122226.pdf
El Simposio de Tecnología de Fusión (SOFT) se clausura con récord de participación internacional;2014-10-03;http://www.ciemat.es/recursos/notasPrensa/1642849883_3102014115049.pdf
Éxito de participación en la jornada sobre oportunidades para la industria en el proyecto ITER;2014-09-30;http://www.ciemat.es/recursos/notasPrensa/787427018_309201415494.pdf
Celebración en Soria del II Congreso Iberoamericano sobre microrredes con generación distribuida de renovables;2014-09-29;http://www.ciemat.es/recursos/notasPrensa/228196266_2992014113839.pdf
San Sebastián acoge el mayor evento mundial sobre tecnologías de fusión;2014-09-26;http://www.ciemat.es/recursos/notasPrensa/113428847_2992014102540.pdf
"Estreno del audiovisual en alta definición ""Explorando el Sistema Solar"" en el Planetario CETA-CIEMAT";2014-09-19;http://www.ciemat.es/recursos/notasPrensa/984673308_1992014105931.pdf
Estudian nuevas técnicas para la descontaminación de las aguas residuales industriales;2014-07-23;http://www.ciemat.es/recursos/notasPrensa/556600830_237201412329.pdf
La subdelegada del Gobierno visita el Campamento de Día para hijos de trabajadores del Céder de Lubia y de la Administración General del Estado;2014-07-21;http://www.ciemat.es/recursos/notasPrensa/1374341782_217201414634.pdf
El CEDER-CIEMAT acoge en sus instalaciones las prácticas estivales de 23 universitarios;2014-07-15;http://www.ciemat.es/recursos/notasPrensa/641806343_1672014105936.pdf
CETA-CIEMAT y FUNDECYT-PCTEX desarrollan un estudio en la región sobre el potencial del teletrabajo;2014-07-07;http://www.ciemat.es/recursos/notasPrensa/2116923670_772014131916.pdf
El Céder de Lubia participa en la Conferencia Internacional Islas de Energías Renovables 2014;2014-07-04;http://www.ciemat.es/recursos/notasPrensa/556569951_77201413174.pdf
Reunión de expertos internacionales en microturbulencia en plasmas de fusión;2014-06-30;http://www.ciemat.es/recursos/notasPrensa/830635538_306201494736.pdf
Inauguración de la Planta de Demostración de Generación de Energía de las Olas en Gran Canaria;2014-06-25;http://www.ciemat.es/recursos/notasPrensa/534987421_306201414257.pdf
El proyecto LIFE+ ENERBIOSCRUB, con un presupuesto de 1 889 758 euros, está liderado por el CEDER-CIEMAT;2014-06-16;http://www.ciemat.es/recursos/notasPrensa/1025052017_17620148432.pdf
Proyecto PRENDE, Talleres de dinamización;2014-06-02;http://www.ciemat.es/recursos/notasPrensa/2028741780_262014121753.pdf
La Comisión Europea financia un proyecto del programa LIFE+ liderado por el CEDER-CIEMAT con un presupuesto de 1 889 758 euros;2014-06-02;http://www.ciemat.es/recursos/notasPrensa/2132229768_26201410405.pdf
"Primeras secuencias disponibles del audiovisual en alta definición ""Explorando el Sistema Solar"" para cúpulas y planetarios";2014-06-02;http://www.ciemat.es/recursos/notasPrensa/901007654_5620148482.pdf
Soria acogerá el 6, 7 y 8 de octubre el II Congreso iberoamericano sobre Microrredes con Generación distribuida de Renovables;2014-05-28;http://www.ciemat.es/recursos/notasPrensa/1828678586_2852014163837.pdf
Información sobre el CIEMAT;2014-05-05;http://www.ciemat.es/recursos/notasPrensa/27898876_552014162139.pdf
La Comisaria europea de investigación e innovación: la Alianza de Energía marca una ruptura decisiva con el pasado;2014-04-10;http://www.ciemat.es/recursos/notasPrensa/1464211169_1042014155345.pdf
Representantes del grupo industrial vasco Velatia visitan el CEDER de Lubia;2014-03-28;http://www.ciemat.es/recursos/notasPrensa/715239914_28320149052.pdf
Se celebra en el CEDER-CIEMAT la reunión anual del proyecto de investigación MIRED-CON;2014-03-22;http://www.ciemat.es/recursos/notasPrensa/1740618273_24320149182.pdf
UNDIGEN prueba la generación de energía eléctrica de las olas en Gran Canaria;2014-03-19;http://www.ciemat.es/recursos/notasPrensa/54049961_1932014113823.pdf
Reunión de lanzamiento del proyecto STAGE-STE;2014-02-06;http://www.ciemat.es/recursos/notasPrensa/1984906674_103201413842.pdf
El CEDER-CIEMAT de Soria celebrará un curso sobre Calidad de biocombustibles sólidos;2014-02-05;http://www.ciemat.es/recursos/notasPrensa/303486500_52201414845.pdf
El Hospital 12 de Octubre y el CIEMAT crean una unidad conjunta para investigar la influencia de la genética en el cáncer;2013-12-18;http://www.ciemat.es/recursos/notasPrensa/192794618_18122013122836.pdf
El Horizonte está fijado para 2020 - es hora de que investigación e innovación cumplan;2013-12-13;http://www.ciemat.es/recursos/notasPrensa/1076656017_13122013114255.pdf
CIEMAT y la Fundación Jiménez Díaz colaboran para el desarrollo de un programa conjunto de terapias avanzadas;2013-12-10;http://www.ciemat.es/recursos/notasPrensa/508172433_10122013172156.pdf
La Entidad Nacional de Acreditación (ENAC) acredita al laboratorio de ensayos eólicos del CEDER de Lubia;2013-12-02;http://www.ciemat.es/recursos/notasPrensa/143225244_2122013152351.pdf
"Nace la nueva web ""Descubre la energía""";2013-11-29;http://www.ciemat.es/recursos/notasPrensa/782922568_21220139723.pdf
Premios a la divulgación en física de partículas, astropartículas y física nuclear;2013-11-29;http://www.ciemat.es/recursos/notasPrensa/1579142610_29112013125742.pdf
Los ciudadanos podrán colaborar para monitorizar los niveles de incidencia de la gripe en España;2013-11-25;http://www.ciemat.es/recursos/notasPrensa/1200380713_261120139440.pdf
Segunda reunión del Proyecto MED-DESIRE;2013-11-15;http://www.ciemat.es/recursos/notasPrensa/1910324636_27112013144247.pdf
Se presentan los avances en terapia génica en diversas enfermedades raras;2013-10-25;http://www.ciemat.es/recursos/notasPrensa/1783867095_2510201314450.pdf
Desarrollan un kit que predice la supervivencia al cáncer de pulmón;2013-10-21;http://www.ciemat.es/recursos/notasPrensa/757669876_21102013122124.pdf
La comunidad científica española en Física de partículas felicita a François Englert y Peter Higgs por el Nobel de Física;2013-10-08;http://www.ciemat.es/recursos/notasPrensa/370260560_8102013162840.pdf
Un posible tratamiento para la Ictiosis lamelar;2013-09-24;http://www.ciemat.es/recursos/notasPrensa/1830168436_259201393131.pdf
Soria acoge el 23, 24 y 25 de septiembre el I Congreso Iberoamericano sobre Microrredes con generación distribuida de renovables;2013-09-20;http://www.ciemat.es/recursos/notasPrensa/54131279_2392013123529.pdf
El Simposio de Tecnología de Fusión Nuclear (ISFNT) se clausura con éxito de participación internacional;2013-09-20;http://www.ciemat.es/recursos/notasPrensa/1263212681_2392013123830.pdf
Éxito de participación industrial en el Workshop Industrial sobre oportunidades en el proyecto ITER;2013-09-18;http://www.ciemat.es/recursos/notasPrensa/312055767_1992013121053.pdf
Arranca en Barcelona el mayor congreso internacional sobre tecnologías de fusión nuclear;2013-09-17;http://www.ciemat.es/recursos/notasPrensa/69302230_179201392620.pdf
El proyecto Dark Energy Survey comienza su misión de cinco años para cartografiar el cielo del hemisferio sur con enorme detalle;2013-09-03;http://www.ciemat.es/recursos/notasPrensa/2098687991_392013142712.pdf
Primer sello de calidad para biocombustibles del Sur de Europa;2013-09-03;http://www.ciemat.es/recursos/notasPrensa/1462528702_4920139205.pdf
La subdelegada del Gobierno visita la nueva Planta de Ensayos del CEDER-CIEMAT que es una de las más completas de todos los Centros de I+D del mundo en pequeños aerogeneradores;2013-08-02;http://www.ciemat.es/recursos/notasPrensa/395060795_5820138557.pdf
Descrita la función de las proteínas Vav en el cáncer de piel;2013-07-24;http://www.ciemat.es/recursos/notasPrensa/325983462_247201391451.pdf
"Vuelve a funcionar el ""Campamento de Día"" para hijos de trabajadores del CEDER-CIEMAT y de la subdelegación";2013-07-11;http://www.ciemat.es/recursos/notasPrensa/2013279887_117201314499.pdf
Los graffitis del CEDER ya son una realidad;2013-06-18;http://www.ciemat.es/recursos/notasPrensa/1530860773_1862013125431.pdf
Reunión de lanzamiento del Proyecto MED-DESIRE;2013-06-14;http://www.ciemat.es/recursos/notasPrensa/266241297_282201410590.pdf
Inauguración de nuevas instalaciones en la Plataforma Solar de Almería;2013-06-06;http://www.ciemat.es/recursos/notasPrensa/1972462909_66201314315.pdf
El CERN actualiza la Estrategia Europea de física de partículas;2013-05-30;http://www.ciemat.es/recursos/notasPrensa/1496002839_3052013122921.pdf
Jornada sobre EN+ y BIOMASUD, sellos de calidad de bioc;2013-05-16;http://www.ciemat.es/recursos/notasPrensa/342450667_165201395927.pdf
Organizado por el CEDER-CIEMAT y El Hueco, ideas y emprendedores compiten en Soria con sus proyectos;2013-05-10;http://www.ciemat.es/recursos/notasPrensa/501744628_1052013122336.pdf
Visita al CIEMAT del Profesor Robin Grimes, Asesor científico jefe del Ministerio de Asuntos Exteriores británico;2013-05-08;http://www.ciemat.es/recursos/notasPrensa/580581961_852013114514.pdf
"El CEDER-CIEMAT de Lubia presenta su libro conmemorativo: ""CEDER-CIEMAT: 25 años de investigación en energías renovables""";2013-05-06;http://www.ciemat.es/recursos/notasPrensa/1011562274_6520138474.pdf
Un libro sobre el CEDER de Lubia culmina los actos de celebración del 25 aniversario del centro;2013-05-06;http://www.ciemat.es/recursos/notasPrensa/1306452232_7520139046.pdf
Ciencia, ellas cuentan ... Ellas cuentan ciencia;2013-05-03;http://www.ciemat.es/recursos/notasPrensa/1440777233_65201391318.pdf
El proyecto STAGE-STE obtiene la máxima puntuación en la convocatoria de la Comisión Europea;2013-04-29;http://www.ciemat.es/recursos/notasPrensa/1365031316_2942013135338.pdf
Identifican un gen que controla tres enfermedades diferentes;2013-04-26;http://www.ciemat.es/recursos/notasPrensa/1528466416_294201385126.pdf
España aporta el primer elemento del proyecto de fusión JT60 en Japón;2013-03-27;http://www.ciemat.es/recursos/notasPrensa/1128043023_273201392045.pdf
Tecnología española viaja a Japón para el proyecto de fusión JT60;2013-03-26;http://www.ciemat.es/recursos/notasPrensa/2114777815_2632013112614.pdf
El CEDER de Lubia acogerá la 2ª Conferencia Internacional de la Asociación de Ensayadores de Aerogeneradores de Pequeña Potencia;2013-03-25;http://www.ciemat.es/recursos/notasPrensa/1388412140_253201394912.pdf
El Gobierno de España sigue potenciando el CEDER de Lubia con la construcción del laboratorio de ensayos de componentes de aerogeneradores de pequeña potencia;2013-03-25;http://www.ciemat.es/recursos/notasPrensa/1841490602_253201394728.pdf
Unas 2000 personas visitan en el Jardín Botánico, CSIC, la exposición del CERN;2013-03-01;http://www.ciemat.es/recursos/notasPrensa/1428061468_432013111220.pdf
El CIEDA trabaja en la definición de nuevos proyectos y en la elaboración de una hoja de ruta que marque el camino para potenciar el centro;2013-02-28;http://www.ciemat.es/recursos/notasPrensa/169591452_282201392852.pdf
El CEDER de Lubia falla el concurso de graffitis convocado con motivo del 25 aniversario del centro;2013-02-21;http://www.ciemat.es/recursos/notasPrensa/1514136072_2522013153349.pdf
"Una exposición del CERN acerca al público la investigación en Física de Partículas y el descubrimiento del ""bosón de Higgs""";2013-02-12;http://www.ciemat.es/recursos/notasPrensa/827443971_1222013121935.pdf
La ciencia y la innovación visitan AULA;2013-02-08;http://www.ciemat.es/recursos/notasPrensa/170042758_822013115510.pdf
Puesta en marcha de un proyecto europeo para el tratamiento de pacientes con anemia de Fanconi mediante terapia génica;2013-01-28;http://www.ciemat.es/recursos/notasPrensa/128991832_2812013105835.pdf
Zamora acoge, el tercer jueves de cada mes, una conferencia sobre divulgación científica;2013-01-15;http://www.ciemat.es/recursos/notasPrensa/724556767_151201313418.pdf
El CEDER-CIEMAT coordinará una red temática sobre integración de energías renovables en redes eléctricas en la que participarán grupos de investigación de 12 países iberoaméricanos;2012-12-26;http://www.ciemat.es/recursos/notasPrensa/883105012_2612201281245.pdf
Zamora se suma a las smart cities con un ambicioso proyecto de I+D en el ámbito de la energía;2012-12-10;http://www.ciemat.es/recursos/notasPrensa/2118898708_171201392240.pdf
Una nueva red de conexión funcional entre genes supresores de tumores que favorece el desarrollo de cáncer escamoso de cabeza y cuello;2012-11-20;http://www.ciemat.es/recursos/notasPrensa/293458337_20112012133714.pdf
La Semana de la Ciencia de Extremadura, un año más en Trujillo;2012-11-19;http://www.ciemat.es/recursos/notasPrensa/1882422153_201120129017.pdf
CALIFA: el universo extragaláctico local al descubierto;2012-10-31;http://www.ciemat.es/recursos/notasPrensa/917059003_31102012155257.pdf
Celebración del 25º aniversario del CEDER;2012-10-26;http://www.ciemat.es/recursos/notasPrensa/1878121860_291020129319.pdf
META 2012 en Almería;2012-10-04;http://www.ciemat.es/recursos/notasPrensa/1825798049_10102012132352.pdf
Descubierta nueva ruta clave en la metástasis del cáncer de mama en pulmón;2012-09-28;http://www.ciemat.es/recursos/notasPrensa/1354504764_2892012102812.pdf
XXV Aniversario del CEDER-CIEMAT. Ciclo de conferencias Semillas energéticas;2012-09-26;http://www.ciemat.es/recursos/notasPrensa/1665724144_289201285327.pdf
Relevo en la dirección de la PSA-CIEMAT;2012-09-20;http://www.ciemat.es/recursos/notasPrensa/950889931_209201213030.pdf
El Centro de Desarrollo de Energías Renovables (CEDER-CIEMAT) de Lubia celebra su 25 aniversario;2012-09-20;http://www.ciemat.es/recursos/notasPrensa/920879118_2192012134153.pdf
FUTURED respalda el I Congreso Smart Grids que ya tiene configurado su Programa;2012-09-19;http://www.ciemat.es/recursos/notasPrensa/393563472_2092012123427.pdf
La cámara digital más potente del mundo abre los ojos y recoge las primeras imágenes a la caza de la energía oscura;2012-09-17;http://www.ciemat.es/recursos/notasPrensa/1884992876_189201283851.pdf
Lanzamiento del informe anual sobre energía eólica de la Agencia Internacional de la Energía (IEA Wind 2011 Annual Report);2012-08-30;http://www.ciemat.es/recursos/notasPrensa/749466506_3082012105319.pdf
Científicos del CIEMAT desarrollan métodos precisos para predecir metástasis de cáncer de mama y de pulmón;2012-08-08;http://www.ciemat.es/recursos/notasPrensa/156509126_882012132039.pdf
Científicos del CIEMAT utilizan nuevas tecnologías para identificar genes causantes del cáncer;2012-07-30;http://www.ciemat.es/recursos/notasPrensa/1563655629_307201292557.pdf
La subdelegada del Gobierno valora muy positivamente la colaboración entre Junta y Gobierno de España para poner en marcha la titulación de Eficiencia Energética;2012-07-10;http://www.ciemat.es/recursos/notasPrensa/433945162_117201281510.pdf
Información adicional a la NP del 04 06 12 sobre el bosón de Higgs;2012-07-06;http://www.ciemat.es/recursos/notasPrensa/930335749_672012105250.pdf
Los experimentos del CERN observan una partícula compatible con el tan buscado bosón de Higgs;2012-07-04;http://www.ciemat.es/recursos/notasPrensa/1656215981_97201210848.pdf
Cómo convertir los residuos agroalimentarios en energía renovable;2012-07-03;http://www.ciemat.es/recursos/notasPrensa/1393439409_372012101119.pdf
"El CEDER de Lubia hace posible la impartición en Soria, desde el próximo curso escolar, de la titulación de ""Técnico Superior en Eficiencia Energética y Energía Solar Térmica""";2012-06-25;http://www.ciemat.es/recursos/notasPrensa/1871284894_256201213439.pdf
Expertos en fusión nuclear se reúnen en Madrid;2012-06-13;http://www.ciemat.es/recursos/notasPrensa/1490830283_1362012114341.pdf
CETA-CIEMAT apuesta por la investigación en computación y redes complejas;2012-06-11;http://www.ciemat.es/recursos/notasPrensa/482733700_1162012131736.pdf
Científicos del CIEMAT describen un nuevo mecanismo de la metástasis tumoral;2012-06-01;http://www.ciemat.es/recursos/notasPrensa/2019931367_162012124635.pdf
El Servicio de Dosimetría de Radiaciones obtiene la acreditación ENAC;2012-05-30;http://www.ciemat.es/recursos/notasPrensa/568912707_305201212337.pdf
¿Apagamos la lámpara fluorescente o la dejamos encendida?;2012-04-18;http://www.ciemat.es/recursos/notasPrensa/1365080197_2042012125320.pdf
Acreditación ENAC del Laboratorio de Ensayos Eólicos del CEDER;2012-04-18;http://www.ciemat.es/recursos/notasPrensa/1672590068_1842012164110.pdf
El CIEMAT lanza su nueva Web institucional;2012-04-17;http://www.ciemat.es/recursos/notasPrensa/1812512270_1742012132450.pdf
India interesada en los desarrollos de la PSA;2012-04-16;http://www.ciemat.es/recursos/notasPrensa/1806432826_1742012132519.pdf
Jornada de puertas abiertas en el CEDER de Lubia;2012-04-11;http://www.ciemat.es/recursos/notasPrensa/1910793224_1242012143719.pdf
Corta mecanizada de chopos, la realidad de los cultivos energéticos;2012-03-27;http://www.ciemat.es/recursos/notasPrensa/1354838093_273201292157.pdf
Zamora participará en la Semana Verde que organiza la Universidad de Salamanca;2012-03-27;http://www.ciemat.es/recursos/notasPrensa/1627284243_273201292242.pdf
El CEDER pone en funcionamiento el único banco de ensayos de palas de pequeños aerogeneradores de España;2012-03-13;http://www.ciemat.es/recursos/notasPrensa/1045300786_1332012152527.pdf
El Debate sobre el cambio climático llega al sector primario;2012-03-08;http://www.ciemat.es/recursos/notasPrensa/1700538174_1332012122027.pdf
El CEDER de Lubia, pionero en investigaciones en el campo de la biomasa, se centra también ahora en desarrollar proyectos de eficiencia energética en la edificación;2012-03-01;http://www.ciemat.es/recursos/notasPrensa/445406716_1332012121933.pdf
IK4 y CIEMAT colaboran en la investigación en energías renovables;2012-02-24;http://www.ciemat.es/recursos/notasPrensa/1908909741_1332012121812.pdf
Se presentan los primeros resultados de un experimento de nueva generación para medir oscilaciones de neutrinos en reactores nucleares;2011-11-09;http://www.ciemat.es/recursos/notasPrensa/1751301535_1011201184447.pdf
Con una masiva participación, concluye el Congreso Internacional IEEE NSS-MIC 2011 cumpliendo las expectativas previstas;2011-10-28;http://www.ciemat.es/recursos/notasPrensa/1541069671_2810201113358.pdf
Valencia sede del Congreso Internacional IEEE NSS-MIC 2011 que agrupa el Simposio de Ciencia Nuclear y la Conferencia de Imagen Médica;2011-10-24;http://www.ciemat.es/recursos/notasPrensa/47524650_2410201113651.pdf
"""Smart Cities"", la innovación de las ciudades españolas se analiza en Zamora";2011-10-21;http://www.ciemat.es/recursos/notasPrensa/600075894_21102011133740.pdf
Sixto Malato, investigador de la Plataforma Solar de Almería del CIEMAT, recibe hoy, de manos de S.M. La Reina, el Premio Jaime I a la Protección del Medio Ambiente;2011-10-19;http://www.ciemat.es/recursos/notasPrensa/657994388_20102011124050.pdf
Sixto Malato, investigador de la Plataforma Solar de Almería del CIEMAT, recibe hoy, de manos de S.M. La Reina, el Premio Jaime I a la Protección del Medio Ambiente;2011-10-19;http://www.ciemat.es/recursos/notasPrensa/757988156_19102011135623.pdf
El Gobierno de España invertirá 500 000 euros para el laboratorio de biomasa del CEDER de Lubia;2011-10-14;http://www.ciemat.es/recursos/notasPrensa/723746830_171020111011.pdf
Constitución de la Alianza Europea para la Investigación en Clima;2011-10-04;http://www.ciemat.es/recursos/notasPrensa/758184619_4102011155840.pdf
SolarPACES 2011 reúne a alrededor de un millar de expertos en energía solar;2011-09-20;http://www.ciemat.es/recursos/notasPrensa/1615777883_2292011105833.pdf
Garmendia reúne a los máximos representantes de la energía en España para impulsar la I+D+i en el sector;2011-06-30;http://www.ciemat.es/recursos/notasPrensa/1403289214_306201114443.pdf
El Jurado otorga el Premio en la categoría de Protección del Medio Ambiente al Profesor Sixto Malato Rodríguez;2011-06-14;http://www.ciemat.es/recursos/notasPrensa/776337810_146201112129.pdf
Josquín Sánchez, Director del Laboratorio Nacional de Fusión del CIEMAT, nombrado Presidente del Comité Asesor Técnico para ITER;2011-06-08;http://www.ciemat.es/recursos/notasPrensa/478295006_862011143449.pdf
España viaja con un ambicioso proyecto científico a la Estación Espacial Internacional;2011-05-16;http://www.ciemat.es/recursos/notasPrensa/986238526_1752011124057.pdf
España viaja con un ambicioso proyecto científico a la Estación Espacial Internacional;2011-04-29;http://www.ciemat.es/recursos/notasPrensa/753015816_2942011122638.pdf
La International Energy School completará la investigación del Instituto de Cambio Climático de Zaragoza;2011-04-27;http://www.ciemat.es/recursos/notasPrensa/574333302_352011114527.pdf
El CEDER de Lubia organiza una jornada de puertas abiertas para la mañana del miércoles, 20 de abril;2011-04-15;http://www.ciemat.es/recursos/notasPrensa/261905078_184201184532.pdf
"Garmendia asistirá en Cabo Cañaveral al último lanzamiento del ""Endeavour""";2011-04-13;http://www.ciemat.es/recursos/notasPrensa/1078811509_1342011143311.pdf
Madrid acoge a los más destacados representantes de la Fusión en un Congreso Internacional para analizar los últimos desarrollos tecnológicos;2011-04-11;http://www.ciemat.es/recursos/notasPrensa/1793613765_1142011134018.pdf
II Jornadas de Estudio de Tecnologías para la optimización energética y de proceso en Plantas de Tratamiento de Agua;2011-03-29;http://www.ciemat.es/recursos/notasPrensa/68828514_303201185940.pdf
El MICINN destina 4,8 millones de euros para el proyecto bioclimático ENVITE;2011-03-21;http://www.ciemat.es/recursos/notasPrensa/485804930_233201114121.pdf
Nota de prensa conjunta de la visita del Departamento de Energía a España (22-25 de febrero, 2011);2011-02-25;http://www.ciemat.es/recursos/notasPrensa/820324500_252201114532.pdf
Una delegación de EE UU visitará España para abordar la contaminación en Palomares;2011-02-16;http://www.ciemat.es/recursos/notasPrensa/646674926_17220119133.pdf
Investigadores españoles participan en un experimento para medir un parámetro desconocido del neutrino;2011-02-03;http://www.ciemat.es/recursos/notasPrensa/273109318_322011124559.pdf
El CIEMAT, la UPM y la UC3M firman los acuerdos para la constitución de la Fundación TechnoFusión y para su cooperación en el Centro Nacional de Tecnologías para la Fusión;2011-01-24;http://www.ciemat.es/recursos/notasPrensa/1777186221_2412011142751.pdf
La Comisión Europea designa un medicamento huérfano para el tratamiento de la anemia de Fanconi;2011-01-20;http://www.ciemat.es/recursos/notasPrensa/939527719_201201114214.ppt
Más de 9000 personas han visitado el Planetario de CETA-CIEMAT en Juvenalia 2010, en Jerez;2010-12-30;http://www.ciemat.es/recursos/notasPrensa/1935689463_301220109435.pdf
II. Día de la Epidermolisis Bullosa.   Investigadores de referencia mundial presentan los avances en propuestas terapéuticas y cuidado de los afectados por la epidermolisis bullosa;2010-12-13;http://www.ciemat.es/recursos/notasPrensa/1919204489_13122010163034.pdf
España contará con una nueva gran infraestructura europea de investigación en Energía Solar;2010-11-29;http://www.ciemat.es/recursos/notasPrensa/964222403_301120109150.pdf
Cristina Garmendia firma en Trujillo un convenio para el desarrollo de la e2i en Extremadura por valor de 30 M¿;2010-11-17;http://www.ciemat.es/recursos/notasPrensa/1811323297_1811201013555.pdf
Garmendia y Fernández Vara presiden el acto de homenaje al ex director general del CIEMAT, Juan Antonio Rubio;2010-11-17;http://www.ciemat.es/recursos/notasPrensa/1532572078_1811201013954.pdf
Apertura al público del Planetario CETA-CIEMAT de Trujillo;2010-10-27;http://www.ciemat.es/recursos/notasPrensa/313318601_281020108533.pdf
Garmendia: El presupuesto del MICINN demuestra la apuesta clara del Gobierno por la I+D+i;2010-10-05;http://www.ciemat.es/recursos/notasPrensa/366872610_5102010134135.pdf
El director general del proyecto ITER destaca el potencial de la ciencia española;2010-09-22;http://www.ciemat.es/recursos/notasPrensa/701775231_229201017939.pdf
Club Español de la Energía;2010-09-14;http://www.ciemat.es/recursos/notasPrensa/164468839_1492010123135.pdf
España y Japón suscriben un Acuerdo para fortalecer la cooperación científica e impulsar la innovación empresarial;2010-09-01;http://www.ciemat.es/recursos/notasPrensa/1149919056_192010143433.pdf
El experimento AMS despega hacia el Centro Espacial Kennedy de la NASA;2010-08-18;http://www.ciemat.es/recursos/notasPrensa/763236314_1882010135159.pdf
Un novedoso aerogenerador de 250 KW y de una sola pala ha sido instalado en el CEDER-CIEMAT;2010-08-09;http://www.ciemat.es/recursos/notasPrensa/1304373493_1082010142010.pdf
El Laboratorio Subterráneo de Canfranc reanuda su búsqueda de las partículas más elusivas del Universo;2010-07-01;http://www.ciemat.es/recursos/notasPrensa/1876579575_172010122844.pdf
Nombramiento de los nuevos directores del IEO, el INIA y el IGME, organismos públicos de investigación del MICINN;2010-06-15;http://www.ciemat.es/recursos/notasPrensa/2117442256_156201014343.pdf
Desde ayer, la Alianza Europea de Investigación en Energía capta a los mejores cerebros y recursos para impulsar la I+D+i;2010-06-04;http://www.ciemat.es/recursos/notasPrensa/651656913_462010134831.pdf
El Gobierno de España licita las obras del laboratorio de ensayos de componentes de aerogeneradores en el CEDER de Lubia;2010-05-26;http://www.ciemat.es/recursos/notasPrensa/1820255355_2652010154353.pdf
Aprobado en Consejo de Ministros el Proyecto de la Ley de la Ciencia, la Tecnología y la Innovación;2010-05-11;http://www.ciemat.es/recursos/notasPrensa/2010557969_1152010121438.pdf
El Ministerio de Ciencia e Innovación apuesta por la arquitectura bioclimática;2010-05-06;http://www.ciemat.es/recursos/notasPrensa/441403504_652010131327.pdf
El CSN acoge la misión de verificación que la Comisión Europea ha desarrollado en Palomares (Almería);2010-04-21;http://www.ciemat.es/recursos/notasPrensa/624198945_224201084540.pdf
Almería acoge el I Congreso sobre arquitectura bioclimática y frío solar;2010-03-19;http://www.ciemat.es/recursos/notasPrensa/282589415_25320108165.pdf
Portugal se une al proyecto IBERCIVIS;2010-02-23;http://www.ciemat.es/recursos/notasPrensa/2022624210_2322010134044.pdf
La Plataforma Solar de Almería acoge la La Plataforma Solar de Almería acoge la promover las energías renovables en Europa;2010-02-23;http://www.ciemat.es/recursos/notasPrensa/1382539791_2322010135436.pdf
Hoy se ha inaugurado en Trujillo el mayor planetario móvil de España;2010-02-22;http://www.ciemat.es/recursos/notasPrensa/1684380857_2322010134912.pdf
Ciencia e Innovación financia con 22 millones de euros el nuevo Centro de laboratorios de Apoyo a la I+D del Parque Científico de Madrid;2010-01-25;http://www.ciemat.es/recursos/notasPrensa/308676420_2512010133044.pdf
Alberto de Mónaco presenciará una recreación virtual de ITER desarrollada por BIFI y CIEMAT;2010-01-12;http://www.ciemat.es/recursos/notasPrensa/191226502_131201092738.pdf
Nota de prensa del MICINN.  952 M¿ DE SUBVENCIÓN PARA 79 PROYECTOS DE I+D PÚBLICO-PRIVADOS EN LOS CUATRO AÑOS DE VIDA DE LOS CENIT;2009-12-14;http://www.ciemat.es/recursos/notasPrensa/1942498547_14122009134039.pdf
El CIEMAT y CETASA firman un acuerdo de colaboración para la instalación de un puesto de ensayo de pequeños aerogeneradores en el parque eólico de Magaña.;2009-12-04;http://www.ciemat.es/recursos/notasPrensa/2082940986_4122009143919.pdf
El Gobierno aprueba el nombramiento de Felipe Pétriz como Secretario de Estado de Investigación;2009-12-04;http://www.ciemat.es/recursos/notasPrensa/452269701_4122009143659.pdf
Regeneran con éxito piel humana a largo plazo a partir de células madre embrionarias en un modelo preclínico;2009-11-20;http://www.ciemat.es/recursos/notasPrensa/1002734089_2011200910034.pdf
"Foro Empresarial de Confebask en Bilbao. Garmendia: ""Ha llegado la hora de la innovación""";2009-11-17;http://www.ciemat.es/recursos/notasPrensa/297283235_1711200916183.pdf
La Consejería de Eduación de la Junta de Extremadura, FUNDECYT y CIEMAT firman un convenio marco de colaboración para promover el conocimiento científico y tecnológico;2009-11-11;http://www.ciemat.es/recursos/notasPrensa/925587626_1612200912848.pdf
El secretario de Estado de Investigación garantiza que se mantendrá el ritmo actual de estabilización del Programa I3;2009-10-29;http://www.ciemat.es/recursos/notasPrensa/1513695254_2910200910488.pdf
La exposición de Peter Ginter sobre el gran acelerador de partículas LHC llega a Madrid;2009-10-23;http://www.ciemat.es/recursos/notasPrensa/1309317862_23102009135332.pdf
Ciencia e Innovación destina 62M¿ para potenciar la capacidad tecnológica del tejido industrial;2009-10-19;http://www.ciemat.es/recursos/notasPrensa/1692969545_19102009113022.pdf
El Gobierno aprueba 5 millones de euros para la construcción de un parque eólico experimental del CENER;2009-10-19;http://www.ciemat.es/recursos/notasPrensa/995736634_1910200916349.pdf
"Presentación del proyecto de Presupuesto del MICINN. Cristina Garmendia: ¿La investigación científica en España está absolutamente garantizada""";2009-10-06;http://www.ciemat.es/recursos/notasPrensa/1677265371_6102009161536.pdf
Nota de Prensa del MICINN relativa a los presupuestos. El Ministerio de Ciencia e Innovación mantiene su presupuesto para 2010;2009-09-29;http://www.ciemat.es/recursos/notasPrensa/339402179_309200992045.pdf
Los ciudadanos españoles reclaman medidas urgentes contra el cambio climático en una consulta mundial organizada en España por CIEMAT;2009-09-28;http://www.ciemat.es/recursos/notasPrensa/1784219087_2992009142033.pdf
El nuevo edificio bioclimático de última generación ARFRISOL investigará soluciones para una construcción más sostenible;2009-07-28;http://www.ciemat.es/recursos/notasPrensa/1781052410_2972009122619.pdf
Se promueve un nuevo proyecto bioclimático en Valladolid y Galicia bajo la coordinación del CIEMAT para este año 2009;2009-07-10;http://www.ciemat.es/recursos/notasPrensa/298897876_137200982842.pdf
IBERCIVIS sobrepasa la barrera de los 10 000;2009-05-14;http://www.ciemat.es/recursos/notasPrensa/1764553723_195200992618.pdf
EL CEDER EXPONE EN LA FERIA;2009-05-13;http://www.ciemat.es/recursos/notasPrensa/300379819_195200992547.pdf
La Plataforma Tecnológica de la Biomasa presenta las líneas estratégicas de investigación del sector de la bioenergia en España;2009-04-03;http://www.ciemat.es/recursos/notasPrensa/1481693691_64200992230.pdf
El CETA-CIEMAT inaugura su sede permanente en el Conventual de San Francisco en Trujillo;2009-03-29;http://www.ciemat.es/recursos/notasPrensa/1225580538_142009101216.pdf
Japón y España investigarán conjuntamente en materia de fusión;2009-02-26;http://www.ciemat.es/recursos/notasPrensa/148687931_2722009132120.pdf
Reunión internacional de investigadores en Física Fundamental en el Pirineo Aragonés en la cita anual que viene celebrándose en nuestro país desde hace 37 años.;2009-02-09;http://www.ciemat.es/recursos/notasPrensa/101217677_2722009133442.pdf
Premios Europeos de Física de Plasmas 2009;2009-01-20;http://www.ciemat.es/recursos/notasPrensa/519778507_272200913331.pdf
Expertos mundiales del proyecto EUFORIA;2009-01-14;http://www.ciemat.es/recursos/notasPrensa/583545065_2722009133057.pdf
Se dan a conocer nuevas terapias y formas de diagnóstico en el Primer Día Nacional de la Epidermólisis Bullosa o enfermedad de los ¿niños mariposa¿;2009-01-14;http://www.ciemat.es/recursos/notasPrensa/2145802336_2722009132946.pdf
Es posible obtener edificios de energía convencional cero;2008-11-24;http://www.ciemat.es/recursos/notasPrensa/696364402_27112008153539.pdf
POR PRIMERA VEZ, ESPAÑA OSTENTA LA DIRECCIÓN INTERNACIONAL DE UN GRUPO DE TRABAJO PARA ELABORAR UNA NORMA DEL COMITÉ ELECTROTÉCNICO INTERNACIONAL;2008-11-18;http://www.ciemat.es/recursos/notasPrensa/1548259753_18112008161259.pdf
EL CEDER-CIEMAT PARTICIPA EN ¿EXPOBIOENERGÍA 08¿;2008-10-16;http://www.ciemat.es/recursos/notasPrensa/1698033766_17102008132343.pdf
EL CIEMAT ACOGE LA VIII EDICIÓN DEL CURSO DE BIOTECNOLOGÍA APLICADA A LA SALUD HUMANA;2008-10-15;http://www.ciemat.es/recursos/notasPrensa/1048169302_15102008142224.JPG
EL CIEMAT Y EL CENTRO DE INVESTIGACIÓN BIOMÉDICA EN RED DE ENFERMEDADES RARAS (CIBERER) ORGANIZAN UNAS JORNADAS TERAPÉUTICAS SOBRE EPIDERMOLISIS BULLOSA (NIÑOS MARIPOSA);2008-09-30;http://www.ciemat.es/recursos/notasPrensa/1097198669_110200812559.pdf
LA COOPERACIÓN INTERNACIONAL EN SOSTENIBILIDAD ENERGÉTICA, CENTRO DE LAS ACTIVIDADES DEL CIEMAT EN ESOF 2008;2008-07-18;http://www.ciemat.es/recursos/notasPrensa/271287638_1872008101036.pdf
INVESTIGADORES DEL CIEMAT IDENTIFICAN UNA MOLÉCULA RESPONSABLE DE LA APARICIÓN DE LA VARIANTE HISTOLÓGICA DE CARCINOMAS EPIDERMOIDES ACANTOLÍTICOS;2008-07-01;http://www.ciemat.es/recursos/notasPrensa/1247240498_272008123325.pdf
EL CETA-CIEMAT PARTICIPA EN ENTER 2008;2008-06-11;http://www.ciemat.es/recursos/notasPrensa/1815574239_1162008144546.pdf
¿En qué caja guardarías una estrella? Nuevos materiales para ITER;2008-05-26;http://www.ciemat.es/recursos/notasPrensa/819212101_2952008135545.pdf
Administración y empresas apuestan por la implantación comercial de los cultivos energéticos;2008-05-22;http://www.ciemat.es/recursos/notasPrensa/1879054115_2952008135435.pdf
Trujillo acoge un Congreso Internacional de investigadores de 15 países;2008-04-21;http://www.ciemat.es/recursos/notasPrensa/546896518_224200882834.pdf
La Plataforma Solar de Almería inaugura la planta HYDROSOL II;2008-04-01;http://www.ciemat.es/recursos/notasPrensa/85536026_94200811126.pdf
El CETA CIEMAT obtiene 8 millones de euros de del Fondo Europeo de Desarrollo Regional (FEDER);2008-02-12;http://www.ciemat.es/recursos/notasPrensa/420897808_1522008104650.pdf
Inauguración del segundo edificio del PSE-ARFRISOL en la Plataforma Solar de Almería;2007-12-13;http://www.ciemat.es/recursos/notasPrensa/755354711_13122007134512.pdf
Inauguración del segundo edificio del PSE-ARFRISOL en la Plataforma Solar de Almería;2007-12-12;http://www.ciemat.es/recursos/notasPrensa/1505055752_215200912128.pdf
El CIEMAT continúa a buen ritmo sus trabajos de desmantelamiento y clausura de las instalaciones nucleares y obsoletas;2007-10-25;http://www.ciemat.es/recursos/notasPrensa/1143468657_261020079410.pdf
Presentación del Proyecto Singular y Estratégico On Cultivos;2007-10-11;http://www.ciemat.es/recursos/notasPrensa/1532093017_1110200713329.pdf
La fusión nuclear avanza;2007-09-27;http://www.ciemat.es/recursos/notasPrensa/1993785596_279200715036.pdf
Eólica, reunión internacional;2007-09-24;http://www.ciemat.es/recursos/notasPrensa/1180449149_249200714847.pdf
La física de ITER se discute en el CIEMAT;2007-09-21;http://www.ciemat.es/recursos/notasPrensa/813467997_2492007112749.pdf
Se reúnen en Madrid los más importantes expertos en terapia génica y celular;2007-09-18;http://www.ciemat.es/recursos/notasPrensa/1830429016_1892007134417.pdf
El físico francés Didier Gambier nombrado director de la empresa común del ITER de Barcelona;2007-07-18;http://www.ciemat.es/recursos/notasPrensa/1163003997_18720071407.pdf
Comienzan los trabajos de rehabilitación del quinto contenedor demostrador de investigación del PSE-ARFRISOL en CEDER (Soria);2007-07-17;http://www.ciemat.es/recursos/notasPrensa/1481520667_2152009115819.pdf
Comienzan los trabajos de rehabilitación del quinto contenedor-demostrador de investigación del PSE-ARFRISOL en el CEDER (Soria);2007-07-17;http://www.ciemat.es/recursos/notasPrensa/1258959828_18720078288.pdf
La PSA presenta una nueva tecnología puntera para producir electricidad con energía solar;2007-07-06;http://www.ciemat.es/recursos/notasPrensa/1472450353_672007132043.pdf
Comienzan formalmente las actividades de la Agencia del ITER en Barcelona;2007-06-29;http://www.ciemat.es/recursos/notasPrensa/1479380248_972007142126.pdf
El Gobierno español presenta la candidatura de Juan Antonio Rubio a la Dirección General del CERN;2007-06-26;http://www.ciemat.es/recursos/notasPrensa/1599461389_2662007132452.pdf
AENOR entrega a CIEMAT el primer certificado de sistema de Vigilancia Tecnológica;2007-05-22;http://www.ciemat.es/recursos/notasPrensa/1429772039_2252007102559.pdf
Se presenta en el CIESOL el PSE-ARFRISOL a maestros andaluces;2007-05-11;http://www.ciemat.es/recursos/notasPrensa/842782975_2152009115226.pdf
Se presenta en el CIESOL el PSE-ARFRISOL, a maestros andaluces;2007-05-11;http://www.ciemat.es/recursos/notasPrensa/1644343105_115200712305.pdf
Colaboración española con ARCAL para la promoción de la ciencia y la tecnología nucleares en América Latina;2007-04-19;http://www.ciemat.es/recursos/notasPrensa/2126616444_1942007133137.pdf
Zivis, el primer superordenador ciudadano en España, ya está en marcha;2007-04-04;http://www.ciemat.es/recursos/notasPrensa/1536960259_44200713648.pdf
El Plan de rehabilitación y modernización del CIEMAT cumple todos los requisitos para garantizar la seguridad;2007-03-23;http://www.ciemat.es/recursos/notasPrensa/2131328597_2332007141241.pdf
Europa evalúa a EELA tras su primer año de andadura;2007-02-28;http://www.ciemat.es/recursos/notasPrensa/1249466314_132007103017.pdf
El Centro de Investigaciones Energéticas, Medioambientales y Tecnológicas (CIEMAT) organiza un encuentro internacional sobre cicatrización;2007-02-20;http://www.ciemat.es/recursos/notasPrensa/796941842_2022007115727.pdf
"""La enfermedad coronaria seguirá siendo la principal causa de mortalidad del mundo""";2007-02-20;http://www.ciemat.es/recursos/notasPrensa/1610215503_202200783444.pdf
Investigadores consideran que todavía estamos lejos de la aplicación de la terapia celular en la curación de enfermedades;2007-02-14;http://www.ciemat.es/recursos/notasPrensa/360121430_1922007141044.pdf
Los avances en Biotecnología permitirán individualizar los tratamientos hasta conseguir terapias a la carta;2007-02-13;http://www.ciemat.es/recursos/notasPrensa/1931347499_1322007125056.pdf
Plan de Investigación Medioambiental en Palomares;2007-02-01;http://www.ciemat.es/recursos/notasPrensa/771179233_122007114613.pdf
Conferencia Española de e-Ciencia en Computación Grid;2006-12-29;http://www.ciemat.es/recursos/notasPrensa/675540169_29122006123437.pdf
Lanzamiento de la Plataforma Tecnológica de la Biomasa;2006-12-13;http://www.ciemat.es/recursos/notasPrensa/848760714_14122006123436.pdf
"EL CIEMAT,  FINALISTA EN EL ""I PREMIO DE EDIFICACIÓN SOSTENIBLE"" DE CASTILLA Y LEÓN.";2006-10-24;http://www.ciemat.es/recursos/notasPrensa/1278653202_27102006104015.pdf
"El CIEMAT finalista en el ""I Premio de edificación sostenible"" de Castilla y León";2006-10-24;http://www.ciemat.es/recursos/notasPrensa/1404629607_2152009115449.pdf
Despegue de la Energía Solar Termoeléctrica;2006-06-20;http://www.ciemat.es/recursos/notasPrensa/404363535_1772006183635.pdf
La industria española en posición aventajada de cara al proyecto de fusión ITER;2006-05-24;http://www.ciemat.es/recursos/notasPrensa/661853647_136200617052.pdf
nn;2006-05-10;http://www.ciemat.es/recursos/notasPrensa/
El CIEMAT lanza su nuevo portal sobre Energías Renovables;2006-03-31;http://www.ciemat.es/recursos/notasPrensa/1447189093_136200617330.pdf
Lanzamiento de la Plataforma Tecnológica de Fusión en el CIEMAT;2006-02-22;http://www.ciemat.es/recursos/notasPrensa/1591683602_136200617449.pdf
Presentado el Proyecto Aquasol, liderado por la Plataforma Solar de Almería, del CIEMAT;2006-02-21;http://www.ciemat.es/recursos/notasPrensa/214589890_136200617534.pdf
Workshop sobre sistemas sostenibles de cultivos energéticos en el área mediterránea;2006-02-16;http://www.ciemat.es/recursos/notasPrensa/194228847_13620061761.pdf
Las instalaciones del CIEMAT, en Barcelona, acogen la reunión internacional de expertos legales de ITER;2006-02-11;http://www.ciemat.es/recursos/notasPrensa/1942451228_136200617659.pdf
El Proyecto internacional EELA comienza su andadura en CETA-CIEMAT;2006-02-02;http://www.ciemat.es/recursos/notasPrensa/1589897775_136200617734.pdf
Científicos del CIEMAT descubren que la regeneración hepática a partir de células madre de la médula ósea puede ser potenciada mediante factores de crecimiento;2006-01-05;http://www.ciemat.es/recursos/notasPrensa/781247532_136200617845.pdf
La Universidad de Almería y el CIEMAT inauguran el edificio del Centro de Investigaciones en Energía Solar, CIESOL;2005-12-15;http://www.ciemat.es/recursos/notasPrensa/537884877_1772006184059.pdf
La Universidad de Almería y el CIEMAT inauguran el Centro de Investigaciones en Energía Solar, CIESOL;2005-12-15;http://www.ciemat.es/recursos/notasPrensa/1650830686_215200911474.pdf
El CIEMAT y la Comisión Europea presentan las nuevas oportunidades de ITER para la industria;2005-12-13;http://www.ciemat.es/recursos/notasPrensa/914345460_136200617926.pdf
Premio a la mejor Comunicación en el Congreso Nacional de Energías Renovables;2005-11-17;http://www.ciemat.es/recursos/notasPrensa/1670899716_136200617958.pdf
CETA-CIEMAT se establece en Trujillo;2005-11-08;http://www.ciemat.es/recursos/notasPrensa/1864767189_1362006171029.pdf
Ahorro de un 90% de energía en edificios de oficinas;2005-11-08;http://www.ciemat.es/recursos/notasPrensa/223763377_1772006184757.pdf
CETA - CIEMAT se establece en Trujillo;2005-11-08;http://www.ciemat.es/recursos/notasPrensa/1621570613_1772006184511.pdf
14ª Conferencia Europea de Biomasa;2005-10-18;http://www.ciemat.es/recursos/notasPrensa/545577401_1362006171120.pdf
"El CIEMAT concentra a 130 expertos en Fusión en la Celebración del ""15 International Stellarator Workshop""";2005-10-03;http://www.ciemat.es/recursos/notasPrensa/347108265_1362006171156.pdf
"El día 09.07.05, se ha otorgado el ""Premio Sol y Paz a la labor colectiva"" a la Plataforma Solar de Almería";2005-07-11;http://www.ciemat.es/recursos/notasPrensa/344934057_1362006171344.pdf
Trujillo albergará un Centro de Tecnologías Avanzadas;2005-07-04;http://www.ciemat.es/recursos/notasPrensa/2027578915_1362006171415.pdf
Primer Premio. Mejor trabajo presentado en el XV Congreso Nacional de Física Médica;2005-07-03;http://www.ciemat.es/recursos/notasPrensa/1824937193_1362006171229.pdf
Los países promotores del ITER acuerdan construirlo en el emplazamiento europeo de Cadarache;2005-06-28;http://www.ciemat.es/recursos/notasPrensa/1819768536_136200617151.pdf
Visita de representantes del Ministerio Alemán de Medio Ambiente a la Plataforma Solar de Almería el 10 de junio.;2005-06-15;http://www.ciemat.es/recursos/notasPrensa/884905673_1362006172456.pdf
Visita de la Ministra de Medio Ambiente, Dº. Cristina Narbona, al CEDER;2005-06-15;http://www.ciemat.es/recursos/notasPrensa/1222360764_1362006171548.pdf
Visita de la Ministra de Medio Ambiente a la Plataforma Solar de Almería. 15'30 h - 17'30 h. Presentación de las instalaciones de la PSA a la ministra.;2005-06-15;http://www.ciemat.es/recursos/notasPrensa/294305721_136200617134.pdf
Presentación del CIEMAT Extremadura y Acuerdo entre la Junta de Extremadura y el CERN;2005-02-23;http://www.ciemat.es/recursos/notasPrensa/1622640826_1362006172538.pdf
